date,date,open,high,low,close,volume,amount,amplitude,pct_change,change,turnover_rate,fetch_time
2021-11-23,,0.995,1.001,0.985,1.001,1228663,122371890.0,1.6,-0.1,-0.001,33.44,2026-02-11 14:05:56
2021-11-24,,0.997,1.009,0.997,1.003,488466,48828917.0,1.2,0.2,0.002,13.29,2026-02-11 14:05:56
2021-11-25,,1.003,1.004,1.0,1.003,218039,21849037.0,0.4,0.0,0.0,5.93,2026-02-11 14:05:56
2021-11-26,,1.002,1.002,0.984,0.985,72792,7206952.0,1.79,-1.79,-0.018,1.98,2026-02-11 14:05:56
2021-11-29,,0.975,0.984,0.972,0.975,94286,9233398.0,1.22,-1.02,-0.01,2.57,2026-02-11 14:05:56
2021-11-30,,0.976,0.977,0.953,0.959,106648,10275092.0,2.46,-1.64,-0.016,2.9,2026-02-11 14:05:56
2021-12-01,,0.955,0.977,0.955,0.97,36318,3522913.0,2.29,1.15,0.011,0.99,2026-02-11 14:05:56
2021-12-02,,0.971,0.982,0.968,0.981,50393,4930656.0,1.44,1.13,0.011,1.37,2026-02-11 14:05:56
2021-12-03,,0.976,0.993,0.975,0.991,72801,7160508.0,1.83,1.02,0.01,1.98,2026-02-11 14:05:56
2021-12-06,,0.991,0.998,0.982,0.986,53031,5262868.0,1.61,-0.5,-0.005,1.44,2026-02-11 14:05:56
2021-12-07,,0.987,0.998,0.987,0.997,84928,8439908.0,1.12,1.12,0.011,2.31,2026-02-11 14:05:56
2021-12-08,,1.0,1.0,0.992,0.995,94950,9442802.0,0.8,-0.2,-0.002,2.58,2026-02-11 14:05:56
2021-12-09,,0.999,1.005,0.999,1.002,81139,8130986.0,0.6,0.7,0.007,2.21,2026-02-11 14:05:56
2021-12-10,,1.005,1.009,0.997,0.997,53599,5378040.0,1.2,-0.5,-0.005,1.46,2026-02-11 14:05:56
2021-12-13,,0.997,1.005,0.993,0.993,52296,5239198.0,1.2,-0.4,-0.004,1.42,2026-02-11 14:05:56
2021-12-14,,0.986,0.988,0.966,0.969,56468,5510186.0,2.22,-2.42,-0.024,1.54,2026-02-11 14:05:56
2021-12-15,,0.972,0.975,0.962,0.969,45154,4382974.0,1.34,0.0,0.0,1.23,2026-02-11 14:05:56
2021-12-16,,0.969,0.979,0.965,0.974,51163,4971646.0,1.44,0.52,0.005,1.39,2026-02-11 14:05:56
2021-12-17,,0.976,0.978,0.974,0.975,59909,5843918.0,0.41,0.1,0.001,1.63,2026-02-11 14:05:56
2021-12-20,,0.975,0.975,0.956,0.957,66416,6402954.0,1.95,-1.85,-0.018,1.81,2026-02-11 14:05:56
2021-12-21,,0.966,0.972,0.962,0.97,64939,6281532.0,1.04,1.36,0.013,1.77,2026-02-11 14:05:56
2021-12-22,,0.97,0.97,0.966,0.969,50318,4868892.0,0.41,-0.1,-0.001,1.37,2026-02-11 14:05:56
2021-12-23,,0.957,0.982,0.957,0.98,61426,6005487.0,2.58,1.14,0.011,1.67,2026-02-11 14:05:56
2021-12-24,,0.966,0.983,0.966,0.98,60012,5880673.0,1.73,0.0,0.0,1.63,2026-02-11 14:05:56
2021-12-27,,0.976,0.987,0.976,0.983,102500,10077851.0,1.12,0.31,0.003,2.79,2026-02-11 14:05:56
2021-12-28,,0.983,0.992,0.983,0.987,49274,4868937.0,0.92,0.41,0.004,1.34,2026-02-11 14:05:56
2021-12-29,,0.984,0.988,0.977,0.979,78302,7697966.0,1.11,-0.81,-0.008,2.13,2026-02-11 14:05:56
2021-12-30,,0.973,0.983,0.966,0.973,48302,4714025.0,1.74,-0.61,-0.006,1.31,2026-02-11 14:05:56
2021-12-31,,0.978,0.984,0.97,0.976,119774,11705105.0,1.44,0.31,0.003,3.26,2026-02-11 14:05:56
2022-01-04,,0.978,0.993,0.976,0.987,63396,6252476.0,1.74,1.13,0.011,1.73,2026-02-11 14:05:56
2022-01-05,,0.987,1.0,0.983,0.994,140238,13945698.0,1.72,0.71,0.007,3.82,2026-02-11 14:05:56
2022-01-06,,0.999,0.999,0.986,0.99,60652,6010039.0,1.31,-0.4,-0.004,1.65,2026-02-11 14:05:56
2022-01-07,,0.99,1.016,0.989,1.014,198787,19984608.0,2.73,2.42,0.024,5.41,2026-02-11 14:05:56
2022-01-10,,1.014,1.033,1.014,1.032,190397,19554942.0,1.87,1.78,0.018,5.18,2026-02-11 14:05:56
2022-01-11,,1.032,1.054,1.029,1.04,190258,19843286.0,2.42,0.78,0.008,5.18,2026-02-11 14:05:56
2022-01-12,,1.057,1.057,1.04,1.045,97516,10186629.0,1.63,0.48,0.005,2.65,2026-02-11 14:05:56
2022-01-13,,1.045,1.045,1.03,1.032,95796,9952583.0,1.44,-1.24,-0.013,2.61,2026-02-11 14:05:56
2022-01-14,,1.033,1.034,1.022,1.024,65373,6718945.0,1.16,-0.78,-0.008,1.78,2026-02-11 14:05:56
2022-01-17,,1.029,1.029,1.009,1.012,137149,13931598.0,1.95,-1.17,-0.012,3.73,2026-02-11 14:05:56
2022-01-18,,1.014,1.028,1.003,1.019,111679,11384983.0,2.47,0.69,0.007,3.04,2026-02-11 14:05:56
2022-01-19,,1.022,1.06,1.022,1.04,100794,10507544.0,3.73,2.06,0.021,2.74,2026-02-11 14:05:56
2022-01-20,,1.048,1.071,1.048,1.064,151176,16098832.0,2.21,2.31,0.024,4.11,2026-02-11 14:05:56
2022-01-21,,1.07,1.071,1.061,1.069,157777,16826402.0,0.94,0.47,0.005,4.29,2026-02-11 14:05:56
2022-01-24,,1.07,1.078,1.065,1.074,94163,10094447.0,1.22,0.47,0.005,2.56,2026-02-11 14:05:56
2022-01-25,,1.07,1.076,1.054,1.056,511871,54464950.0,2.05,-1.68,-0.018,13.93,2026-02-11 14:05:56
2022-01-26,,1.056,1.066,1.052,1.055,339905,36026219.0,1.33,-0.09,-0.001,9.25,2026-02-11 14:05:56
2022-01-27,,1.054,1.054,1.035,1.035,79851,8298876.0,1.8,-1.9,-0.02,2.17,2026-02-11 14:05:56
2022-01-28,,1.038,1.049,1.031,1.033,71321,7394960.0,1.74,-0.19,-0.002,1.94,2026-02-11 14:05:56
2022-02-07,,1.049,1.064,1.049,1.06,65624,6951874.0,1.45,2.61,0.027,1.79,2026-02-11 14:05:56
2022-02-08,,1.07,1.077,1.059,1.071,71654,7653801.0,1.7,1.04,0.011,1.95,2026-02-11 14:05:56
2022-02-09,,1.075,1.087,1.075,1.079,74126,8021482.0,1.12,0.75,0.008,2.02,2026-02-11 14:05:56
2022-02-10,,1.079,1.096,1.077,1.093,55464,6027317.0,1.76,1.3,0.014,1.51,2026-02-11 14:05:56
2022-02-11,,1.097,1.12,1.097,1.111,216672,24066550.0,2.1,1.65,0.018,5.9,2026-02-11 14:05:56
2022-02-14,,1.112,1.13,1.082,1.086,121887,13349631.0,4.32,-2.25,-0.025,3.32,2026-02-11 14:05:56
2022-02-15,,1.085,1.085,1.058,1.064,87958,9396576.0,2.49,-2.03,-0.022,2.39,2026-02-11 14:05:56
2022-02-16,,1.073,1.096,1.06,1.076,77862,8359251.0,3.38,1.13,0.012,2.12,2026-02-11 14:05:56
2022-02-17,,1.076,1.08,1.067,1.07,66499,7138259.0,1.21,-0.56,-0.006,1.81,2026-02-11 14:05:56
2022-02-18,,1.065,1.085,1.062,1.081,98437,10624392.0,2.15,1.03,0.011,2.68,2026-02-11 14:05:56
2022-02-21,,1.077,1.081,1.07,1.079,49085,5282901.0,1.02,-0.19,-0.002,1.34,2026-02-11 14:05:56
2022-02-22,,1.06,1.078,1.06,1.066,38359,4092896.0,1.67,-1.2,-0.013,1.04,2026-02-11 14:05:56
2022-02-23,,1.067,1.072,1.06,1.062,44364,4715698.0,1.13,-0.38,-0.004,1.21,2026-02-11 14:05:56
2022-02-24,,1.058,1.058,1.03,1.033,56406,5886872.0,2.64,-2.73,-0.029,1.54,2026-02-11 14:05:56
2022-02-25,,1.035,1.042,1.011,1.012,66279,6773915.0,3.0,-2.03,-0.021,1.8,2026-02-11 14:05:56
2022-02-28,,1.012,1.02,1.0,1.006,40400,4059953.0,1.98,-0.59,-0.006,1.1,2026-02-11 14:05:56
2022-03-01,,1.007,1.022,1.007,1.021,52175,5299587.0,1.49,1.49,0.015,1.42,2026-02-11 14:05:56
2022-03-02,,1.019,1.021,1.002,1.002,69834,7064259.0,1.86,-1.86,-0.019,1.9,2026-02-11 14:05:56
2022-03-03,,1.006,1.02,1.006,1.013,81972,8308106.0,1.4,1.1,0.011,2.23,2026-02-11 14:05:56
2022-03-04,,1.008,1.008,0.998,1.006,80229,8048015.0,0.99,-0.69,-0.007,2.18,2026-02-11 14:05:56
2022-03-07,,1.006,1.006,0.982,0.991,183330,18193537.0,2.39,-1.49,-0.015,4.99,2026-02-11 14:05:56
2022-03-08,,0.986,1.002,0.95,0.952,232665,22476680.0,5.25,-3.94,-0.039,6.33,2026-02-11 14:05:56
2022-03-09,,0.955,0.969,0.918,0.937,204609,19259588.0,5.36,-1.58,-0.015,5.57,2026-02-11 14:05:56
2022-03-10,,0.945,0.958,0.943,0.95,218042,20735403.0,1.6,1.39,0.013,5.93,2026-02-11 14:05:56
2022-03-11,,0.92,0.957,0.92,0.941,198785,18592877.0,3.89,-0.95,-0.009,5.41,2026-02-11 14:05:56
2022-03-14,,0.931,0.942,0.899,0.9,238046,21682352.0,4.57,-4.36,-0.041,6.48,2026-02-11 14:05:56
2022-03-15,,0.889,0.92,0.834,0.837,417473,36092801.0,9.56,-7.0,-0.063,11.36,2026-02-11 14:05:56
2022-03-16,,0.855,0.891,0.828,0.88,449291,38720614.0,7.53,5.14,0.043,12.23,2026-02-11 14:05:56
2022-03-17,,0.932,0.968,0.916,0.968,253318,23976909.0,5.91,10.0,0.088,6.89,2026-02-11 14:05:56
2022-03-18,,0.962,1.009,0.961,0.999,317283,31109975.0,4.96,3.2,0.031,8.64,2026-02-11 14:05:56
2022-03-21,,1.01,1.02,0.966,0.97,135153,13296030.0,5.41,-2.9,-0.029,3.68,2026-02-11 14:05:56
2022-03-22,,0.971,0.986,0.963,0.981,266887,26033361.0,2.37,1.13,0.011,7.26,2026-02-11 14:05:56
2022-03-23,,0.985,1.006,0.983,1.001,231850,23020680.0,2.34,2.04,0.02,6.31,2026-02-11 14:05:56
2022-03-24,,0.99,1.007,0.981,0.983,208789,20717686.0,2.6,-1.8,-0.018,5.68,2026-02-11 14:05:56
2022-03-25,,0.972,0.994,0.968,0.969,226352,22214041.0,2.64,-1.42,-0.014,6.16,2026-02-11 14:05:56
2022-03-28,,0.971,0.98,0.958,0.972,220644,21418365.0,2.27,0.31,0.003,6.01,2026-02-11 14:05:56
2022-03-29,,0.972,0.974,0.957,0.96,224190,21561747.0,1.75,-1.23,-0.012,6.1,2026-02-11 14:05:56
2022-03-30,,0.96,0.995,0.96,0.993,220327,21605230.0,3.65,3.44,0.033,6.0,2026-02-11 14:05:56
2022-03-31,,0.994,1.006,0.981,0.983,187471,18599371.0,2.52,-1.01,-0.01,5.1,2026-02-11 14:05:56
2022-04-01,,0.98,0.993,0.978,0.992,174970,17269338.0,1.53,0.92,0.009,4.76,2026-02-11 14:05:56
2022-04-06,,1.003,1.049,1.003,1.042,248404,25699994.0,4.64,5.04,0.05,6.76,2026-02-11 14:05:56
2022-04-07,,1.029,1.046,1.014,1.02,141935,14621696.0,3.07,-2.11,-0.022,3.86,2026-02-11 14:05:56
2022-04-08,,1.021,1.034,1.015,1.032,234247,24028326.0,1.86,1.18,0.012,6.38,2026-02-11 14:05:56
2022-04-11,,1.038,1.038,1.003,1.003,139771,14107141.0,3.39,-2.81,-0.029,3.8,2026-02-11 14:05:56
2022-04-12,,1.002,1.01,0.985,0.996,331304,32901669.0,2.49,-0.7,-0.007,9.02,2026-02-11 14:05:56
2022-04-13,,0.995,1.008,0.99,0.999,145068,14487185.0,1.81,0.3,0.003,3.95,2026-02-11 14:05:56
2022-04-14,,1.005,1.024,1.005,1.013,316548,32057210.0,1.9,1.4,0.014,8.62,2026-02-11 14:05:56
2022-04-15,,1.024,1.024,1.004,1.007,210322,21264436.0,1.97,-0.59,-0.006,5.72,2026-02-11 14:05:56
2022-04-18,,1.004,1.007,0.991,0.992,119654,11976375.0,1.59,-1.49,-0.015,3.26,2026-02-11 14:05:56
2022-04-19,,0.997,1.007,0.989,0.999,180581,17995752.0,1.81,0.71,0.007,4.91,2026-02-11 14:05:56
2022-04-20,,1.003,1.009,0.991,0.991,184230,18342230.0,1.8,-0.8,-0.008,5.01,2026-02-11 14:05:56
2022-04-21,,0.99,0.992,0.979,0.981,56490,5579103.0,1.31,-1.01,-0.01,1.54,2026-02-11 14:05:56
2022-04-22,,0.981,1.004,0.97,0.996,762217,75592987.0,3.47,1.53,0.015,20.75,2026-02-11 14:05:56
2022-04-25,,1.005,1.005,0.963,0.965,360532,35183182.0,4.22,-3.11,-0.031,9.81,2026-02-11 14:05:56
2022-04-26,,0.975,0.985,0.962,0.962,414077,40244009.0,2.38,-0.31,-0.003,11.27,2026-02-11 14:05:56
2022-04-27,,0.962,0.987,0.957,0.959,293430,28265024.0,3.12,-0.31,-0.003,7.99,2026-02-11 14:05:56
2022-04-28,,0.967,1.005,0.961,0.987,874838,86192444.0,4.59,2.92,0.028,23.81,2026-02-11 14:05:56
2022-04-29,,0.992,1.011,0.988,1.005,317014,31695438.0,2.33,1.82,0.018,8.63,2026-02-11 14:05:56
2022-05-05,,1.009,1.017,1.002,1.01,171345,17287565.0,1.49,0.5,0.005,4.66,2026-02-11 14:05:56
2022-05-06,,1.007,1.009,0.981,0.983,209958,20794627.0,2.77,-2.67,-0.027,5.71,2026-02-11 14:05:56
2022-05-09,,0.988,0.988,0.972,0.975,34605,3375100.0,1.63,-0.81,-0.008,0.94,2026-02-11 14:05:56
2022-05-10,,0.97,1.032,0.968,0.979,793039,77728757.0,6.56,0.41,0.004,21.58,2026-02-11 14:05:56
2022-05-11,,0.984,1.0,0.978,0.982,829783,81886077.0,2.25,0.31,0.003,22.58,2026-02-11 14:05:56
2022-05-12,,0.972,0.98,0.97,0.974,194366,18947613.0,1.02,-0.81,-0.008,5.29,2026-02-11 14:05:56
2022-05-13,,0.98,0.993,0.978,0.992,136559,13473747.0,1.54,1.85,0.018,3.72,2026-02-11 14:05:56
2022-05-16,,0.994,1.0,0.99,0.994,93777,9323332.0,1.01,0.2,0.002,2.55,2026-02-11 14:05:56
2022-05-17,,0.999,1.002,0.995,0.995,151896,15140450.0,0.7,0.1,0.001,4.13,2026-02-11 14:05:56
2022-05-18,,0.996,1.001,0.99,0.997,113744,11331849.0,1.11,0.2,0.002,3.1,2026-02-11 14:05:56
2022-05-19,,0.983,0.997,0.983,0.995,137756,13676144.0,1.4,-0.2,-0.002,3.75,2026-02-11 14:05:56
2022-05-20,,1.002,1.007,0.997,1.006,88347,8874055.0,1.01,1.11,0.011,2.4,2026-02-11 14:05:56
2022-05-23,,1.0,1.072,0.998,1.0,442677,45160741.0,7.36,-0.6,-0.006,12.05,2026-02-11 14:05:56
2022-05-24,,1.001,1.003,0.992,0.993,146100,14537389.0,1.1,-0.7,-0.007,3.98,2026-02-11 14:05:56
2022-05-25,,0.997,1.002,0.995,0.999,92077,9189338.0,0.7,0.6,0.006,2.51,2026-02-11 14:05:56
2022-05-26,,1.005,1.005,0.997,1.003,88649,8877864.0,0.8,0.4,0.004,2.41,2026-02-11 14:05:56
2022-05-27,,1.007,1.023,1.004,1.008,160233,16153051.0,1.89,0.5,0.005,4.36,2026-02-11 14:05:56
2022-05-30,,1.015,1.016,1.005,1.009,55372,5590345.0,1.09,0.1,0.001,1.51,2026-02-11 14:05:56
2022-05-31,,1.008,1.012,1.007,1.011,42979,4337695.0,0.5,0.2,0.002,1.17,2026-02-11 14:05:56
2022-06-01,,1.015,1.019,1.01,1.018,54725,5556040.0,0.89,0.69,0.007,1.49,2026-02-11 14:05:56
2022-06-02,,1.014,1.015,1.009,1.01,17560,1775038.0,0.59,-0.79,-0.008,0.48,2026-02-11 14:05:56
2022-06-06,,1.004,1.015,0.996,0.998,71994,7185462.0,1.88,-1.19,-0.012,1.96,2026-02-11 14:05:56
2022-06-07,,0.998,1.007,0.998,1.003,30105,3022193.0,0.9,0.5,0.005,0.82,2026-02-11 14:05:56
2022-06-08,,1.003,1.007,1.002,1.006,49326,4956949.0,0.5,0.3,0.003,1.34,2026-02-11 14:05:56
2022-06-09,,1.01,1.011,1.006,1.006,28296,2854069.0,0.5,0.0,0.0,0.77,2026-02-11 14:05:56
2022-06-10,,1.008,1.008,1.0,1.002,36510,3659280.0,0.8,-0.4,-0.004,0.99,2026-02-11 14:05:56
2022-06-13,,0.999,1.004,0.991,0.994,54067,5381384.0,1.3,-0.8,-0.008,1.47,2026-02-11 14:05:56
2022-06-14,,0.994,0.995,0.991,0.995,63389,6295829.0,0.4,0.1,0.001,1.73,2026-02-11 14:05:56
2022-06-15,,0.995,1.001,0.993,0.995,88762,8857272.0,0.8,0.0,0.0,2.42,2026-02-11 14:05:56
2022-06-16,,0.999,0.999,0.98,0.983,106322,10470268.0,1.91,-1.21,-0.012,2.89,2026-02-11 14:05:56
2022-06-17,,0.982,0.982,0.976,0.979,44924,4395411.0,0.61,-0.41,-0.004,1.22,2026-02-11 14:05:56
2022-06-20,,0.976,0.982,0.975,0.981,56431,5526940.0,0.72,0.2,0.002,1.54,2026-02-11 14:05:56
2022-06-21,,0.984,0.991,0.978,0.991,62646,6179940.0,1.33,1.02,0.01,1.71,2026-02-11 14:05:56
2022-06-22,,0.993,0.993,0.983,0.984,28803,2843777.0,1.01,-0.71,-0.007,0.78,2026-02-11 14:05:56
2022-06-23,,0.982,0.99,0.982,0.989,53582,5285465.0,0.81,0.51,0.005,1.46,2026-02-11 14:05:56
2022-06-24,,0.988,0.992,0.986,0.987,31288,3089666.0,0.61,-0.2,-0.002,0.85,2026-02-11 14:05:56
2022-06-27,,0.988,0.998,0.988,0.996,22575,2246897.0,1.01,0.91,0.009,0.61,2026-02-11 14:05:56
2022-06-28,,0.998,1.008,0.998,1.008,55868,5606645.0,1.0,1.2,0.012,1.52,2026-02-11 14:05:56
2022-06-29,,1.004,1.013,1.004,1.004,40614,4103680.0,0.89,-0.4,-0.004,1.11,2026-02-11 14:05:56
2022-06-30,,1.003,1.011,1.003,1.006,42381,4274120.0,0.8,0.2,0.002,1.15,2026-02-11 14:05:56
2022-07-01,,1.01,1.01,1.006,1.007,8853,891930.0,0.4,0.1,0.001,0.24,2026-02-11 14:05:56
2022-07-04,,1.002,1.009,1.0,1.008,15084,1519840.0,0.89,0.1,0.001,0.41,2026-02-11 14:05:56
2022-07-05,,1.008,1.011,1.005,1.006,26142,2633592.0,0.6,-0.2,-0.002,0.71,2026-02-11 14:05:56
2022-07-06,,1.003,1.006,0.991,0.992,32822,3266218.0,1.49,-1.39,-0.014,0.89,2026-02-11 14:05:56
2022-07-07,,0.99,1.002,0.99,0.997,48019,4775618.0,1.21,0.5,0.005,1.31,2026-02-11 14:05:56
2022-07-08,,1.0,1.002,0.905,0.908,585505,55001768.0,9.73,-8.93,-0.089,15.94,2026-02-11 14:05:56
2022-07-11,,0.907,0.908,0.862,0.87,256751,22333925.0,5.07,-4.19,-0.038,6.99,2026-02-11 14:05:56
2022-07-12,,0.869,0.89,0.867,0.87,194599,17020348.0,2.64,0.0,0.0,5.3,2026-02-11 14:05:56
2022-07-13,,0.866,0.873,0.834,0.839,424180,35862686.48,4.48,-3.56,-0.031,11.55,2026-02-11 14:05:56
2022-07-14,,0.837,0.84,0.816,0.83,425659,35178073.225,2.86,-1.07,-0.009,11.59,2026-02-11 14:05:56
2022-07-15,,0.83,0.83,0.816,0.816,261035,21489157.1,1.69,-1.69,-0.014,7.1,2026-02-11 14:05:56
2022-07-18,,0.818,0.833,0.818,0.829,495218,40809834.0,1.84,1.59,0.013,13.48,2026-02-11 14:05:56
2022-07-19,,0.83,0.832,0.818,0.827,212340,17505948.8,1.69,-0.24,-0.002,5.78,2026-02-11 14:05:56
2022-07-20,,0.832,0.832,0.826,0.829,166657,13816636.3,0.73,0.24,0.002,4.54,2026-02-11 14:05:56
2022-07-21,,0.829,0.829,0.816,0.819,158316,12989043.7,1.57,-1.21,-0.01,4.31,2026-02-11 14:05:56
2022-07-22,,0.82,0.822,0.811,0.815,162310,13242965.0,1.34,-0.49,-0.004,4.42,2026-02-11 14:05:56
2022-07-25,,0.811,0.819,0.811,0.816,172817,14120413.5,0.98,0.12,0.001,4.7,2026-02-11 14:05:56
2022-07-26,,0.817,0.83,0.815,0.83,192491,15849564.5,1.84,1.72,0.014,5.24,2026-02-11 14:05:56
2022-07-27,,0.834,0.834,0.823,0.826,89881,7420598.3,1.33,-0.48,-0.004,2.45,2026-02-11 14:05:56
2022-07-28,,0.829,0.833,0.825,0.828,70087,5804805.4,0.97,0.24,0.002,1.91,2026-02-11 14:05:56
2022-07-29,,0.833,0.834,0.816,0.819,123871,10208529.3,2.17,-1.09,-0.009,3.37,2026-02-11 14:05:56
2022-08-01,,0.814,0.821,0.812,0.815,189501,15462814.2,1.1,-0.49,-0.004,5.16,2026-02-11 14:05:56
2022-08-02,,0.816,0.816,0.792,0.795,152670,12180476.3,2.94,-2.45,-0.02,4.16,2026-02-11 14:05:56
2022-08-03,,0.795,0.801,0.787,0.789,138708,11025705.616,1.76,-0.75,-0.006,3.78,2026-02-11 14:05:56
2022-08-04,,0.79,0.798,0.788,0.795,109895,8722780.528,1.27,0.76,0.006,2.99,2026-02-11 14:05:56
2022-08-05,,0.796,0.798,0.791,0.796,206856,16429096.264,0.88,0.13,0.001,5.63,2026-02-11 14:05:56
2022-08-08,,0.795,0.8,0.792,0.794,147635,11733952.67,1.01,-0.25,-0.002,4.02,2026-02-11 14:05:56
2022-08-09,,0.794,0.798,0.792,0.796,161693,12851054.0,0.76,0.25,0.002,4.4,2026-02-11 14:05:56
2022-08-10,,0.795,0.799,0.79,0.79,190844,15146903.682,1.13,-0.75,-0.006,5.19,2026-02-11 14:05:56
2022-08-11,,0.793,0.797,0.792,0.796,154056,12238719.4,0.63,0.76,0.006,4.19,2026-02-11 14:05:56
2022-08-12,,0.795,0.795,0.786,0.788,212243,16724545.9,1.13,-1.01,-0.008,5.78,2026-02-11 14:05:56
2022-08-15,,0.788,0.791,0.78,0.785,134848,10593234.3,1.4,-0.38,-0.003,3.67,2026-02-11 14:05:56
2022-08-16,,0.787,0.79,0.782,0.785,150367,11824331.7,1.02,0.0,0.0,4.09,2026-02-11 14:05:56
2022-08-17,,0.787,0.789,0.783,0.786,109959,8653191.6,0.76,0.13,0.001,2.99,2026-02-11 14:05:56
2022-08-18,,0.781,0.783,0.774,0.776,138470,10783841.1,1.15,-1.27,-0.01,3.77,2026-02-11 14:05:56
2022-08-19,,0.754,0.762,0.748,0.756,251327,18966807.2,1.8,-2.58,-0.02,6.84,2026-02-11 14:05:56
2022-08-22,,0.755,0.759,0.754,0.757,162782,12320101.4,0.66,0.13,0.001,4.43,2026-02-11 14:05:56
2022-08-23,,0.757,0.758,0.75,0.751,140930,10611319.9,1.06,-0.79,-0.006,3.84,2026-02-11 14:05:56
2022-08-24,,0.766,0.793,0.766,0.79,359983,28188596.3,3.6,5.19,0.039,9.8,2026-02-11 14:05:56
2022-08-25,,0.79,0.803,0.783,0.8,211122,16784871.272,2.53,1.27,0.01,5.75,2026-02-11 14:05:56
2022-08-26,,0.8,0.814,0.8,0.806,158820,12790543.628,1.75,0.75,0.006,4.32,2026-02-11 14:05:56
2022-08-29,,0.808,0.808,0.793,0.801,145189,11601301.8,1.86,-0.62,-0.005,3.95,2026-02-11 14:05:56
2022-08-30,,0.8,0.809,0.795,0.808,173791,13937840.5,1.75,0.87,0.007,4.73,2026-02-11 14:05:56
2022-08-31,,0.803,0.807,0.797,0.806,180838,14518865.7,1.24,-0.25,-0.002,4.92,2026-02-11 14:05:56
2022-09-01,,0.803,0.812,0.8,0.808,134926,10887060.9,1.49,0.25,0.002,3.67,2026-02-11 14:05:56
2022-09-02,,0.8,0.805,0.796,0.8,93385,7471929.1,1.11,-0.99,-0.008,2.54,2026-02-11 14:05:56
2022-09-05,,0.799,0.799,0.788,0.793,140373,11109012.9,1.38,-0.88,-0.007,3.82,2026-02-11 14:05:56
2022-09-06,,0.793,0.802,0.79,0.8,105034,8344689.6,1.51,0.88,0.007,2.86,2026-02-11 14:05:56
2022-09-07,,0.795,0.798,0.791,0.794,75360,5980921.7,0.88,-0.75,-0.006,2.05,2026-02-11 14:05:56
2022-09-08,,0.798,0.798,0.785,0.787,90999,7194995.2,1.64,-0.88,-0.007,2.48,2026-02-11 14:05:56
2022-09-09,,0.787,0.806,0.786,0.803,164103,13097544.188,2.54,2.03,0.016,4.47,2026-02-11 14:05:56
2022-09-13,,0.803,0.807,0.803,0.805,93923,7559652.2,0.5,0.25,0.002,2.56,2026-02-11 14:05:56
2022-09-14,,0.795,0.802,0.791,0.792,86592,6873082.9,1.37,-1.61,-0.013,2.36,2026-02-11 14:05:56
2022-09-15,,0.795,0.803,0.795,0.801,103079,8248557.3,1.01,1.14,0.009,2.81,2026-02-11 14:05:56
2022-09-16,,0.796,0.804,0.795,0.797,141292,11306599.3,1.12,-0.5,-0.004,3.85,2026-02-11 14:05:56
2022-09-19,,0.797,0.797,0.786,0.79,75561,5969972.8,1.38,-0.88,-0.007,2.06,2026-02-11 14:05:56
2022-09-20,,0.791,0.798,0.791,0.794,115048,9152749.0,0.89,0.51,0.004,3.13,2026-02-11 14:05:56
2022-09-21,,0.793,0.793,0.783,0.785,102574,8050730.3,1.26,-1.13,-0.009,2.79,2026-02-11 14:05:56
2022-09-22,,0.783,0.783,0.773,0.775,75629,5881609.2,1.27,-1.27,-0.01,2.06,2026-02-11 14:05:56
2022-09-23,,0.775,0.79,0.775,0.777,94750,7411998.4,1.94,0.26,0.002,2.58,2026-02-11 14:05:56
2022-09-26,,0.775,0.782,0.766,0.766,130614,10124913.3,2.06,-1.42,-0.011,3.55,2026-02-11 14:05:56
2022-09-27,,0.768,0.77,0.759,0.767,131682,10071885.7,1.44,0.13,0.001,3.58,2026-02-11 14:05:56
2022-09-28,,0.769,0.769,0.756,0.757,138221,10486419.9,1.69,-1.3,-0.01,3.76,2026-02-11 14:05:56
2022-09-29,,0.759,0.764,0.735,0.739,135530,10142424.0,3.83,-2.38,-0.018,3.69,2026-02-11 14:05:56
2022-09-30,,0.734,0.748,0.734,0.739,123635,9133638.6,1.89,0.0,0.0,3.37,2026-02-11 14:05:56
2022-10-10,,0.738,0.744,0.735,0.736,86602,6406528.2,1.22,-0.41,-0.003,2.36,2026-02-11 14:05:56
2022-10-11,,0.736,0.738,0.723,0.728,146272,10663391.2,2.04,-1.09,-0.008,3.98,2026-02-11 14:05:56
2022-10-12,,0.73,0.734,0.716,0.731,212136,15371378.3,2.47,0.41,0.003,5.77,2026-02-11 14:05:56
2022-10-13,,0.726,0.733,0.718,0.723,115690,8354582.9,2.05,-1.09,-0.008,3.15,2026-02-11 14:05:56
2022-10-14,,0.724,0.74,0.724,0.731,145503,10685448.3,2.21,1.11,0.008,3.96,2026-02-11 14:05:56
2022-10-17,,0.734,0.734,0.724,0.73,145641,10604153.1,1.37,-0.14,-0.001,3.96,2026-02-11 14:05:56
2022-10-18,,0.734,0.738,0.728,0.734,122694,8994047.0,1.37,0.55,0.004,3.34,2026-02-11 14:05:56
2022-10-19,,0.732,0.743,0.732,0.738,133622,9880653.1,1.5,0.54,0.004,3.64,2026-02-11 14:05:56
2022-10-20,,0.734,0.738,0.727,0.732,113276,8302359.1,1.49,-0.81,-0.006,3.08,2026-02-11 14:05:56
2022-10-21,,0.732,0.74,0.728,0.735,159820,11772617.072,1.64,0.41,0.003,4.35,2026-02-11 14:05:56
2022-10-24,,0.737,0.739,0.703,0.707,148379,10617485.7,4.9,-3.81,-0.028,4.04,2026-02-11 14:05:56
2022-10-25,,0.707,0.717,0.703,0.714,324106,23058403.3,1.98,0.99,0.007,8.82,2026-02-11 14:05:56
2022-10-26,,0.714,0.721,0.709,0.711,109698,7841343.1,1.68,-0.42,-0.003,2.99,2026-02-11 14:05:56
2022-10-27,,0.717,0.719,0.707,0.709,172574,12322245.6,1.69,-0.28,-0.002,4.7,2026-02-11 14:05:56
2022-10-28,,0.706,0.707,0.687,0.688,172635,12029696.5,2.82,-2.96,-0.021,4.7,2026-02-11 14:05:56
2022-10-31,,0.69,0.69,0.67,0.67,218734,14796765.6,2.91,-2.62,-0.018,5.95,2026-02-11 14:05:56
2022-11-01,,0.678,0.692,0.674,0.689,167510,11421433.6,2.69,2.84,0.019,4.56,2026-02-11 14:05:56
2022-11-02,,0.689,0.703,0.686,0.701,123542,8598478.8,2.47,1.74,0.012,3.36,2026-02-11 14:05:56
2022-11-03,,0.697,0.702,0.692,0.693,77158,5376673.4,1.43,-1.14,-0.008,2.1,2026-02-11 14:05:56
2022-11-04,,0.695,0.723,0.695,0.716,210188,15023093.4,4.04,3.32,0.023,5.72,2026-02-11 14:05:56
2022-11-07,,0.716,0.735,0.716,0.734,193255,14065193.145,2.65,2.51,0.018,5.26,2026-02-11 14:05:56
2022-11-08,,0.734,0.735,0.725,0.73,151541,11039983.1,1.36,-0.54,-0.004,4.12,2026-02-11 14:05:56
2022-11-09,,0.73,0.744,0.73,0.73,192908,14195121.8,1.92,0.0,0.0,5.25,2026-02-11 14:05:56
2022-11-10,,0.729,0.73,0.718,0.723,104263,7522388.9,1.64,-0.96,-0.007,2.84,2026-02-11 14:05:56
2022-11-11,,0.75,0.755,0.736,0.744,270314,20155606.4,2.63,2.9,0.021,7.36,2026-02-11 14:05:56
2022-11-14,,0.756,0.775,0.756,0.759,285431,21836919.8,2.55,2.02,0.015,7.77,2026-02-11 14:05:56
2022-11-15,,0.764,0.777,0.758,0.775,293096,22659889.0,2.5,2.11,0.016,7.98,2026-02-11 14:05:56
2022-11-16,,0.776,0.787,0.775,0.779,244223,19057365.1,1.55,0.52,0.004,6.65,2026-02-11 14:05:56
2022-11-17,,0.78,0.784,0.769,0.777,102419,7914496.6,1.93,-0.26,-0.002,2.79,2026-02-11 14:05:56
2022-11-18,,0.779,0.781,0.766,0.768,123141,9550623.7,1.93,-1.16,-0.009,3.35,2026-02-11 14:05:56
2022-11-21,,0.764,0.768,0.753,0.764,142160,10798911.6,1.95,-0.52,-0.004,3.87,2026-02-11 14:05:56
2022-11-22,,0.762,0.777,0.762,0.765,186090,14311257.5,1.96,0.13,0.001,5.06,2026-02-11 14:05:56
2022-11-23,,0.766,0.775,0.766,0.773,106414,8208305.0,1.18,1.05,0.008,2.9,2026-02-11 14:05:56
2022-11-24,,0.775,0.783,0.775,0.781,122385,9549616.4,1.03,1.03,0.008,3.33,2026-02-11 14:05:56
2022-11-25,,0.783,0.797,0.781,0.796,277623,21922939.612,2.05,1.92,0.015,7.56,2026-02-11 14:05:56
2022-11-28,,0.788,0.788,0.766,0.782,264019,20513246.7,2.76,-1.76,-0.014,7.19,2026-02-11 14:05:56
2022-11-29,,0.796,0.812,0.79,0.806,373221,30029949.44,2.81,3.07,0.024,10.16,2026-02-11 14:05:56
2022-11-30,,0.805,0.82,0.802,0.816,389267,31713398.5,2.23,1.24,0.01,10.59,2026-02-11 14:05:56
2022-12-01,,0.829,0.834,0.808,0.809,274747,22489090.2,3.19,-0.86,-0.007,7.48,2026-02-11 14:05:56
2022-12-02,,0.807,0.808,0.792,0.795,191586,15272243.6,1.98,-1.73,-0.014,5.21,2026-02-11 14:05:56
2022-12-05,,0.806,0.811,0.8,0.81,188058,15176484.9,1.38,1.89,0.015,5.12,2026-02-11 14:05:56
2022-12-06,,0.811,0.814,0.804,0.812,142859,11559903.2,1.23,0.25,0.002,3.89,2026-02-11 14:05:56
2022-12-07,,0.812,0.812,0.799,0.799,120624,9742700.8,1.6,-1.6,-0.013,3.28,2026-02-11 14:05:56
2022-12-08,,0.8,0.805,0.794,0.797,129993,10362765.0,1.38,-0.25,-0.002,3.54,2026-02-11 14:05:56
2022-12-09,,0.798,0.824,0.798,0.819,357706,29147539.3,3.26,2.76,0.022,9.74,2026-02-11 14:05:56
2022-12-12,,0.819,0.82,0.813,0.814,270910,22133248.6,0.85,-0.61,-0.005,7.37,2026-02-11 14:05:56
2022-12-13,,0.816,0.82,0.814,0.816,67260,5499977.2,0.74,0.25,0.002,1.83,2026-02-11 14:05:56
2022-12-14,,0.818,0.825,0.814,0.82,249322,20433482.2,1.35,0.49,0.004,6.79,2026-02-11 14:05:56
2022-12-15,,0.817,0.821,0.801,0.809,245137,19784181.4,2.44,-1.34,-0.011,6.67,2026-02-11 14:05:56
2022-12-16,,0.809,0.826,0.809,0.821,265418,21751152.9,2.1,1.48,0.012,7.22,2026-02-11 14:05:56
2022-12-19,,0.822,0.824,0.8,0.803,110389,8899436.1,2.92,-2.19,-0.018,3.0,2026-02-11 14:05:56
2022-12-20,,0.803,0.805,0.789,0.795,383298,30545172.5,1.99,-1.0,-0.008,10.43,2026-02-11 14:05:56
2022-12-21,,0.795,0.798,0.791,0.792,168476,13370139.4,0.88,-0.38,-0.003,4.59,2026-02-11 14:05:56
2022-12-22,,0.794,0.812,0.794,0.802,179572,14496092.2,2.27,1.26,0.01,4.89,2026-02-11 14:05:56
2022-12-23,,0.801,0.81,0.798,0.802,147131,11834936.4,1.5,0.0,0.0,4.0,2026-02-11 14:05:56
2022-12-26,,0.804,0.81,0.801,0.805,57810,4659521.7,1.12,0.37,0.003,1.57,2026-02-11 14:05:56
2022-12-27,,0.805,0.815,0.801,0.81,17305,1400515.4,1.74,0.62,0.005,0.47,2026-02-11 14:05:56
2022-12-28,,0.81,0.825,0.81,0.819,154087,12618359.1,1.85,1.11,0.009,4.19,2026-02-11 14:05:56
2022-12-29,,0.819,0.819,0.807,0.809,125923,10205618.6,1.47,-1.22,-0.01,3.43,2026-02-11 14:05:56
2022-12-30,,0.815,0.818,0.809,0.815,99593,8096117.2,1.11,0.74,0.006,2.71,2026-02-11 14:05:56
2023-01-03,,0.814,0.822,0.798,0.818,217536,17717278.9,2.94,0.37,0.003,5.92,2026-02-11 14:05:56
2023-01-04,,0.82,0.831,0.82,0.83,104526,8656543.2,1.34,1.47,0.012,2.84,2026-02-11 14:05:56
2023-01-05,,0.835,0.843,0.834,0.835,74388,6237929.79,1.08,0.6,0.005,2.02,2026-02-11 14:05:56
2023-01-06,,0.836,0.843,0.834,0.838,169601,14214143.9,1.08,0.36,0.003,4.62,2026-02-11 14:05:56
2023-01-09,,0.842,0.846,0.837,0.842,128118,10790831.1,1.07,0.48,0.004,3.49,2026-02-11 14:05:56
2023-01-10,,0.844,0.846,0.835,0.837,163183,13696888.5,1.31,-0.59,-0.005,4.44,2026-02-11 14:05:56
2023-01-11,,0.837,0.848,0.837,0.842,86106,7282292.7,1.31,0.6,0.005,2.34,2026-02-11 14:05:56
2023-01-12,,0.844,0.849,0.84,0.843,62695,5296167.6,1.07,0.12,0.001,1.71,2026-02-11 14:05:56
2023-01-13,,0.843,0.85,0.842,0.849,60364,5113901.4,0.95,0.71,0.006,1.64,2026-02-11 14:05:56
2023-01-16,,0.851,0.855,0.845,0.846,80613,6855768.3,1.18,-0.35,-0.003,2.19,2026-02-11 14:05:56
2023-01-17,,0.849,0.851,0.843,0.847,46741,3953414.7,0.95,0.12,0.001,1.27,2026-02-11 14:05:56
2023-01-18,,0.846,0.854,0.846,0.85,58604,4986565.5,0.94,0.35,0.003,1.6,2026-02-11 14:05:56
2023-01-19,,0.85,0.858,0.847,0.854,41066,3511165.5,1.29,0.47,0.004,1.12,2026-02-11 14:05:56
2023-01-20,,0.857,0.868,0.853,0.867,30798,2658461.7,1.76,1.52,0.013,0.84,2026-02-11 14:05:56
2023-01-30,,0.883,0.884,0.867,0.868,37094,3248247.9,1.96,0.12,0.001,1.01,2026-02-11 14:05:56
2023-01-31,,0.868,0.873,0.851,0.853,35820,3086510.4,2.53,-1.73,-0.015,0.97,2026-02-11 14:05:56
2023-02-01,,0.854,0.861,0.852,0.861,45674,3913780.3,1.06,0.94,0.008,1.24,2026-02-11 14:05:56
2023-02-02,,0.863,0.864,0.857,0.858,48247,4154718.1,0.81,-0.35,-0.003,1.31,2026-02-11 14:05:56
2023-02-03,,0.857,0.857,0.842,0.843,44875,3793291.8,1.75,-1.75,-0.015,1.22,2026-02-11 14:05:56
2023-02-06,,0.84,0.84,0.831,0.834,23893,1995240.6,1.07,-1.07,-0.009,0.65,2026-02-11 14:05:56
2023-02-07,,0.836,0.844,0.836,0.838,57902,4863687.1,0.96,0.48,0.004,1.58,2026-02-11 14:05:56
2023-02-08,,0.839,0.844,0.838,0.839,16525,1388750.1,0.72,0.12,0.001,0.45,2026-02-11 14:05:56
2023-02-09,,0.839,0.847,0.839,0.846,53269,4496759.4,0.95,0.83,0.007,1.45,2026-02-11 14:05:56
2023-02-10,,0.846,0.847,0.838,0.841,23148,1945886.4,1.06,-0.59,-0.005,0.63,2026-02-11 14:05:56
2023-02-13,,0.836,0.846,0.835,0.843,124830,10495942.2,1.31,0.24,0.002,3.4,2026-02-11 14:05:56
2023-02-14,,0.846,0.851,0.843,0.849,9678,819872.4,0.95,0.71,0.006,0.26,2026-02-11 14:05:56
2023-02-15,,0.848,0.85,0.838,0.838,44110,3715744.8,1.41,-1.3,-0.011,1.2,2026-02-11 14:05:56
2023-02-16,,0.842,0.854,0.842,0.846,29014,2464407.389,1.43,0.95,0.008,0.79,2026-02-11 14:05:56
2023-02-17,,0.848,0.852,0.844,0.844,33402,2830326.6,0.95,-0.24,-0.002,0.91,2026-02-11 14:05:56
2023-02-20,,0.845,0.869,0.845,0.869,54882,4725366.2,2.84,2.96,0.025,1.49,2026-02-11 14:05:56
2023-02-21,,0.87,0.877,0.865,0.869,72980,6365403.1,1.38,0.0,0.0,1.99,2026-02-11 14:05:56
2023-02-22,,0.868,0.869,0.86,0.862,44032,3802194.3,1.04,-0.81,-0.007,1.2,2026-02-11 14:05:56
2023-02-23,,0.86,0.867,0.859,0.863,118586,10236703.8,0.93,0.12,0.001,3.23,2026-02-11 14:05:56
2023-02-24,,0.86,0.863,0.848,0.852,64281,5475073.7,1.74,-1.27,-0.011,1.75,2026-02-11 14:05:56
2023-02-27,,0.85,0.852,0.841,0.842,31031,2626479.6,1.29,-1.17,-0.01,0.84,2026-02-11 14:05:56
2023-02-28,,0.844,0.847,0.832,0.837,36062,3022729.5,1.78,-0.59,-0.005,0.98,2026-02-11 14:05:56
2023-03-01,,0.835,0.853,0.831,0.853,199264,16864169.1,2.63,1.91,0.016,5.42,2026-02-11 14:05:56
2023-03-02,,0.85,0.856,0.845,0.853,107355,9151657.6,1.29,0.0,0.0,2.92,2026-02-11 14:05:56
2023-03-03,,0.857,0.87,0.857,0.868,70945,6130322.4,1.52,1.76,0.015,1.93,2026-02-11 14:05:56
2023-03-06,,0.868,0.872,0.861,0.87,51487,4458665.0,1.27,0.23,0.002,1.4,2026-02-11 14:05:56
2023-03-07,,0.871,0.889,0.866,0.87,56751,4999104.1,2.64,0.0,0.0,1.54,2026-02-11 14:05:56
2023-03-08,,0.868,0.868,0.86,0.865,33492,2891459.9,0.92,-0.57,-0.005,0.91,2026-02-11 14:05:56
2023-03-09,,0.861,0.869,0.856,0.856,17361,1497180.5,1.5,-1.04,-0.009,0.47,2026-02-11 14:05:56
2023-03-10,,0.854,0.854,0.835,0.837,37132,3119344.3,2.22,-2.22,-0.019,1.01,2026-02-11 14:05:56
2023-03-13,,0.836,0.847,0.834,0.843,54556,4596554.9,1.55,0.72,0.006,1.48,2026-02-11 14:05:56
2023-03-14,,0.842,0.848,0.825,0.827,89313,7448094.3,2.73,-1.9,-0.016,2.43,2026-02-11 14:05:56
2023-03-15,,0.832,0.84,0.832,0.836,36562,3058264.1,0.97,1.09,0.009,1.0,2026-02-11 14:05:56
2023-03-16,,0.835,0.838,0.828,0.828,21590,1794721.7,1.2,-0.96,-0.008,0.59,2026-02-11 14:05:56
2023-03-17,,0.834,0.85,0.834,0.844,26611,2243637.5,1.93,1.93,0.016,0.72,2026-02-11 14:05:56
2023-03-20,,0.844,0.847,0.827,0.829,37070,3088039.5,2.37,-1.78,-0.015,1.01,2026-02-11 14:05:56
2023-03-21,,0.833,0.837,0.831,0.835,19440,1619464.1,0.72,0.72,0.006,0.53,2026-02-11 14:05:56
2023-03-22,,0.838,0.847,0.838,0.842,35419,2986798.3,1.08,0.84,0.007,0.96,2026-02-11 14:05:56
2023-03-23,,0.841,0.841,0.831,0.84,52432,4383865.1,1.19,-0.24,-0.002,1.43,2026-02-11 14:05:56
2023-03-24,,0.84,0.841,0.836,0.836,17977,1506708.5,0.6,-0.48,-0.004,0.49,2026-02-11 14:05:56
2023-03-27,,0.836,0.836,0.824,0.825,19347,1599351.9,1.44,-1.32,-0.011,0.53,2026-02-11 14:05:56
2023-03-28,,0.828,0.832,0.822,0.83,38260,3167368.4,1.21,0.61,0.005,1.04,2026-02-11 14:05:56
2023-03-29,,0.832,0.839,0.827,0.829,45180,3747452.0,1.45,-0.12,-0.001,1.23,2026-02-11 14:05:56
2023-03-30,,0.831,0.836,0.825,0.832,34372,2863293.5,1.33,0.36,0.003,0.94,2026-02-11 14:05:56
2023-03-31,,0.836,0.844,0.836,0.84,48147,4043234.6,0.96,0.96,0.008,1.31,2026-02-11 14:05:56
2023-04-03,,0.838,0.842,0.833,0.836,46478,3894286.0,1.07,-0.48,-0.004,1.27,2026-02-11 14:05:56
2023-04-04,,0.836,0.837,0.83,0.837,14075,1172421.0,0.84,0.12,0.001,0.38,2026-02-11 14:05:56
2023-04-06,,0.837,0.837,0.83,0.831,24153,2014393.7,0.84,-0.72,-0.006,0.66,2026-02-11 14:05:56
2023-04-07,,0.834,0.838,0.83,0.838,22135,1850139.8,0.96,0.84,0.007,0.6,2026-02-11 14:05:56
2023-04-10,,0.836,0.837,0.834,0.837,3580,299180.0,0.36,-0.12,-0.001,0.1,2026-02-11 14:05:56
2023-04-11,,0.838,0.845,0.838,0.842,22660,1910026.1,0.84,0.6,0.005,0.62,2026-02-11 14:05:56
2023-04-12,,0.843,0.854,0.843,0.851,91071,7741895.5,1.31,1.07,0.009,2.48,2026-02-11 14:05:56
2023-04-13,,0.847,0.848,0.841,0.846,27697,2342366.9,0.82,-0.59,-0.005,0.75,2026-02-11 14:05:56
2023-04-14,,0.847,0.855,0.847,0.853,28248,2407247.2,0.95,0.83,0.007,0.77,2026-02-11 14:05:56
2023-04-17,,0.858,0.869,0.856,0.868,57591,4965963.6,1.52,1.76,0.015,1.57,2026-02-11 14:05:56
2023-04-18,,0.87,0.882,0.87,0.871,68306,5962677.1,1.38,0.35,0.003,1.86,2026-02-11 14:05:56
2023-04-19,,0.87,0.871,0.863,0.865,40370,3496280.0,0.92,-0.69,-0.006,1.1,2026-02-11 14:05:56
2023-04-20,,0.865,0.869,0.86,0.867,45087,3902677.2,1.04,0.23,0.002,1.23,2026-02-11 14:05:56
2023-04-21,,0.866,0.868,0.854,0.857,24051,2074393.1,1.61,-1.15,-0.01,0.65,2026-02-11 14:05:56
2023-04-24,,0.857,0.861,0.848,0.849,20655,1767216.7,1.52,-0.93,-0.008,0.56,2026-02-11 14:05:56
2023-04-25,,0.85,0.862,0.843,0.847,112262,9529408.5,2.24,-0.24,-0.002,3.06,2026-02-11 14:05:56
2023-04-26,,0.847,0.857,0.847,0.853,31035,2643093.7,1.18,0.71,0.006,0.84,2026-02-11 14:05:56
2023-04-27,,0.852,0.859,0.848,0.857,45124,3852136.3,1.29,0.47,0.004,1.23,2026-02-11 14:05:56
2023-04-28,,0.859,0.867,0.856,0.867,16725,1442945.4,1.28,1.17,0.01,0.46,2026-02-11 14:05:56
2023-05-04,,0.864,0.867,0.848,0.864,18230,1560430.4,2.19,-0.35,-0.003,0.5,2026-02-11 14:05:56
2023-05-05,,0.864,0.875,0.864,0.874,42089,3663753.8,1.27,1.16,0.01,1.15,2026-02-11 14:05:56
2023-05-08,,0.876,0.897,0.874,0.89,80412,7157646.9,2.63,1.83,0.016,2.19,2026-02-11 14:05:56
2023-05-09,,0.896,0.904,0.885,0.886,88217,7922948.8,2.13,-0.45,-0.004,2.4,2026-02-11 14:05:56
2023-05-10,,0.887,0.89,0.876,0.879,15493,1364928.2,1.58,-0.79,-0.007,0.42,2026-02-11 14:05:56
2023-05-11,,0.879,0.883,0.87,0.87,12652,1106400.3,1.48,-1.02,-0.009,0.34,2026-02-11 14:05:56
2023-05-12,,0.875,0.876,0.856,0.857,25287,2179532.5,2.3,-1.49,-0.013,0.69,2026-02-11 14:05:56
2023-05-15,,0.856,0.875,0.854,0.871,145745,12635782.9,2.45,1.63,0.014,3.97,2026-02-11 14:05:56
2023-05-16,,0.87,0.877,0.866,0.868,34725,3032752.2,1.26,-0.34,-0.003,0.95,2026-02-11 14:05:56
2023-05-17,,0.869,0.871,0.862,0.863,14151,1225625.4,1.04,-0.58,-0.005,0.39,2026-02-11 14:05:56
2023-05-18,,0.863,0.875,0.862,0.867,67374,5877063.7,1.51,0.46,0.004,1.83,2026-02-11 14:05:56
2023-05-19,,0.867,0.867,0.856,0.861,35276,3028662.6,1.27,-0.69,-0.006,0.96,2026-02-11 14:05:56
2023-05-22,,0.858,0.869,0.858,0.862,27081,2337589.5,1.28,0.12,0.001,0.74,2026-02-11 14:05:56
2023-05-23,,0.863,0.863,0.851,0.851,38251,3279396.4,1.39,-1.28,-0.011,1.04,2026-02-11 14:05:56
2023-05-24,,0.849,0.856,0.838,0.838,40320,3390007.9,2.12,-1.53,-0.013,1.1,2026-02-11 14:05:56
2023-05-25,,0.835,0.835,0.819,0.826,23145,1909396.2,1.91,-1.43,-0.012,0.63,2026-02-11 14:05:56
2023-05-26,,0.823,0.826,0.817,0.823,61033,5007421.1,1.09,-0.36,-0.003,1.66,2026-02-11 14:05:56
2023-05-29,,0.824,0.828,0.82,0.825,44888,3695078.8,0.97,0.24,0.002,1.22,2026-02-11 14:05:56
2023-05-30,,0.822,0.835,0.812,0.818,28942,2369827.3,2.79,-0.85,-0.007,0.79,2026-02-11 14:05:56
2023-05-31,,0.815,0.815,0.796,0.799,26655,2138484.4,2.32,-2.32,-0.019,0.73,2026-02-11 14:05:56
2023-06-01,,0.798,0.811,0.798,0.803,36422,2930685.1,1.63,0.5,0.004,0.99,2026-02-11 14:05:56
2023-06-02,,0.809,0.825,0.807,0.824,60151,4925635.6,2.24,2.62,0.021,1.64,2026-02-11 14:05:56
2023-06-05,,0.83,0.83,0.819,0.825,41368,3412407.9,1.33,0.12,0.001,1.13,2026-02-11 14:05:56
2023-06-06,,0.826,0.842,0.826,0.832,49681,4149487.5,1.94,0.85,0.007,1.35,2026-02-11 14:05:56
2023-06-07,,0.835,0.84,0.832,0.833,17556,1466603.0,0.96,0.12,0.001,0.48,2026-02-11 14:05:56
2023-06-08,,0.833,0.847,0.833,0.843,77431,6506921.7,1.68,1.2,0.01,2.11,2026-02-11 14:05:56
2023-06-09,,0.843,0.849,0.843,0.848,24496,2072714.9,0.71,0.59,0.005,0.67,2026-02-11 14:05:56
2023-06-12,,0.846,0.848,0.843,0.847,14448,1221283.3,0.59,-0.12,-0.001,0.39,2026-02-11 14:05:56
2023-06-13,,0.846,0.849,0.84,0.845,27143,2288667.8,1.06,-0.24,-0.002,0.74,2026-02-11 14:05:56
2023-06-14,,0.846,0.849,0.838,0.838,12192,1031249.9,1.3,-0.83,-0.007,0.33,2026-02-11 14:05:56
2023-06-15,,0.839,0.849,0.839,0.847,18551,1568519.7,1.19,1.07,0.009,0.5,2026-02-11 14:05:56
2023-06-16,,0.849,0.859,0.849,0.854,48764,4161145.3,1.18,0.83,0.007,1.33,2026-02-11 14:05:56
2023-06-19,,0.856,0.857,0.846,0.852,24491,2083873.2,1.29,-0.23,-0.002,0.67,2026-02-11 14:05:56
2023-06-20,,0.848,0.853,0.84,0.842,13814,1168252.3,1.53,-1.17,-0.01,0.38,2026-02-11 14:05:56
2023-06-21,,0.841,0.85,0.835,0.839,39281,3290833.3,1.78,-0.36,-0.003,1.07,2026-02-11 14:05:56
2023-06-26,,0.838,0.839,0.819,0.822,5174,426738.4,2.38,-2.03,-0.017,0.14,2026-02-11 14:05:56
2023-06-27,,0.822,0.848,0.822,0.844,83843,7042774.4,3.16,2.68,0.022,2.28,2026-02-11 14:05:56
2023-06-28,,0.844,0.851,0.837,0.851,46842,3965116.1,1.66,0.83,0.007,1.27,2026-02-11 14:05:56
2023-06-29,,0.85,0.851,0.84,0.84,22210,1872151.8,1.29,-1.29,-0.011,0.6,2026-02-11 14:05:56
2023-06-30,,0.84,0.852,0.84,0.85,39646,3363567.0,1.43,1.19,0.01,1.08,2026-02-11 14:05:56
2023-07-03,,0.85,0.861,0.842,0.86,38852,3321036.5,2.24,1.18,0.01,1.06,2026-02-11 14:05:56
2023-07-04,,0.857,0.865,0.852,0.853,75605,6482068.4,1.51,-0.81,-0.007,2.06,2026-02-11 14:05:56
2023-07-05,,0.854,0.855,0.844,0.846,27523,2337015.7,1.29,-0.82,-0.007,0.75,2026-02-11 14:05:56
2023-07-06,,0.843,0.845,0.826,0.83,21178,1764257.8,2.25,-1.89,-0.016,0.58,2026-02-11 14:05:56
2023-07-07,,0.83,0.831,0.821,0.822,51564,4255019.4,1.2,-0.96,-0.008,1.4,2026-02-11 14:05:56
2023-07-10,,0.827,0.833,0.815,0.819,34843,2851118.6,2.19,-0.36,-0.003,0.95,2026-02-11 14:05:56
2023-07-11,,0.82,0.823,0.815,0.821,27750,2276023.4,0.98,0.24,0.002,0.76,2026-02-11 14:05:56
2023-07-12,,0.821,0.828,0.817,0.818,43053,3530682.1,1.34,-0.37,-0.003,1.17,2026-02-11 14:05:56
2023-07-13,,0.824,0.832,0.823,0.826,66063,5463794.5,1.1,0.98,0.008,1.8,2026-02-11 14:05:56
2023-07-14,,0.827,0.828,0.825,0.825,48862,4039745.8,0.36,-0.12,-0.001,1.33,2026-02-11 14:05:56
2023-07-17,,0.824,0.824,0.815,0.817,23744,1943878.3,1.09,-0.97,-0.008,0.65,2026-02-11 14:05:56
2023-07-18,,0.819,0.822,0.815,0.817,12882,1052851.2,0.86,0.0,0.0,0.35,2026-02-11 14:05:56
2023-07-19,,0.815,0.821,0.813,0.821,41026,3355280.8,0.98,0.49,0.004,1.12,2026-02-11 14:05:56
2023-07-20,,0.823,0.828,0.815,0.82,32366,2664673.7,1.58,-0.12,-0.001,0.88,2026-02-11 14:05:56
2023-07-21,,0.819,0.823,0.815,0.821,30365,2488656.7,0.98,0.12,0.001,0.83,2026-02-11 14:05:56
2023-07-24,,0.819,0.819,0.797,0.798,63868,5132095.3,2.68,-2.8,-0.023,1.74,2026-02-11 14:05:56
2023-07-25,,0.805,0.813,0.803,0.813,82597,6676297.7,1.25,1.88,0.015,2.25,2026-02-11 14:05:56
2023-07-26,,0.809,0.816,0.809,0.812,12883,1046540.2,0.86,-0.12,-0.001,0.35,2026-02-11 14:05:56
2023-07-27,,0.813,0.824,0.813,0.818,74147,6079991.4,1.35,0.74,0.006,2.02,2026-02-11 14:05:56
2023-07-28,,0.818,0.833,0.816,0.831,34276,2835083.5,2.08,1.59,0.013,0.93,2026-02-11 14:05:56
2023-07-31,,0.856,0.895,0.844,0.88,383532,33406701.755,6.14,5.9,0.049,10.44,2026-02-11 14:05:56
2023-08-01,,0.894,0.905,0.885,0.888,194560,17405551.0,2.27,0.91,0.008,5.3,2026-02-11 14:05:56
2023-08-02,,0.886,0.895,0.875,0.875,69530,6172315.4,2.25,-1.46,-0.013,1.89,2026-02-11 14:05:56
2023-08-03,,0.873,0.9,0.873,0.879,57629,5067952.5,3.09,0.46,0.004,1.57,2026-02-11 14:05:56
2023-08-04,,0.899,0.899,0.878,0.88,49378,4372111.4,2.39,0.11,0.001,1.34,2026-02-11 14:05:56
2023-08-07,,0.881,0.885,0.869,0.877,16730,1466341.6,1.82,-0.34,-0.003,0.46,2026-02-11 14:05:56
2023-08-08,,0.877,0.877,0.868,0.871,11203,976882.6,1.03,-0.68,-0.006,0.3,2026-02-11 14:05:56
2023-08-09,,0.872,0.875,0.863,0.871,24186,2102195.0,1.38,0.0,0.0,0.66,2026-02-11 14:05:56
2023-08-10,,0.871,0.88,0.87,0.872,24905,2177797.5,1.15,0.11,0.001,0.68,2026-02-11 14:05:56
2023-08-11,,0.872,0.875,0.86,0.863,26238,2266950.0,1.72,-1.03,-0.009,0.71,2026-02-11 14:05:56
2023-08-14,,0.862,0.862,0.85,0.856,37239,3177709.8,1.39,-0.81,-0.007,1.01,2026-02-11 14:05:56
2023-08-15,,0.856,0.859,0.85,0.855,18521,1581200.8,1.05,-0.12,-0.001,0.5,2026-02-11 14:05:56
2023-08-16,,0.853,0.853,0.843,0.843,18146,1535655.7,1.17,-1.4,-0.012,0.49,2026-02-11 14:05:56
2023-08-17,,0.842,0.846,0.828,0.844,8687,728864.8,2.14,0.12,0.001,0.24,2026-02-11 14:05:56
2023-08-18,,0.841,0.846,0.834,0.834,25496,2140630.2,1.42,-1.18,-0.01,0.69,2026-02-11 14:05:56
2023-08-21,,0.832,0.833,0.821,0.825,122189,10133778.6,1.44,-1.08,-0.009,3.33,2026-02-11 14:05:56
2023-08-22,,0.825,0.834,0.822,0.832,24519,2031390.5,1.45,0.85,0.007,0.67,2026-02-11 14:05:56
2023-08-23,,0.829,0.833,0.825,0.826,25424,2109659.0,0.96,-0.72,-0.006,0.69,2026-02-11 14:05:56
2023-08-24,,0.827,0.837,0.827,0.834,25159,2096666.2,1.21,0.97,0.008,0.68,2026-02-11 14:05:56
2023-08-25,,0.833,0.84,0.831,0.838,22008,1839287.0,1.08,0.48,0.004,0.6,2026-02-11 14:05:56
2023-08-28,,0.871,0.922,0.841,0.842,52798,4515022.8,9.67,0.48,0.004,1.44,2026-02-11 14:05:56
2023-08-29,,0.848,0.861,0.843,0.856,139832,11954151.9,2.14,1.66,0.014,3.81,2026-02-11 14:05:56
2023-08-30,,0.868,0.868,0.856,0.86,23170,1992851.0,1.4,0.47,0.004,0.63,2026-02-11 14:05:56
2023-08-31,,0.861,0.865,0.853,0.855,25011,2142021.3,1.4,-0.58,-0.005,0.68,2026-02-11 14:05:56
2023-09-01,,0.855,0.863,0.851,0.862,25489,2185174.0,1.4,0.82,0.007,0.69,2026-02-11 14:05:56
2023-09-04,,0.863,0.877,0.863,0.876,192325,16761950.9,1.62,1.62,0.014,5.23,2026-02-11 14:05:56
2023-09-05,,0.873,0.877,0.871,0.873,48003,4194278.6,0.68,-0.34,-0.003,1.31,2026-02-11 14:05:56
2023-09-06,,0.874,0.877,0.868,0.875,18413,1606910.2,1.03,0.23,0.002,0.5,2026-02-11 14:05:56
2023-09-07,,0.876,0.878,0.871,0.873,41190,3604927.0,0.8,-0.23,-0.002,1.12,2026-02-11 14:05:56
2023-09-08,,0.87,0.871,0.866,0.866,6266,544423.9,0.57,-0.8,-0.007,0.17,2026-02-11 14:05:56
2023-09-11,,0.869,0.869,0.858,0.86,40612,3505189.3,1.27,-0.69,-0.006,1.11,2026-02-11 14:05:56
2023-09-12,,0.86,0.863,0.855,0.857,40590,3483713.1,0.93,-0.35,-0.003,1.1,2026-02-11 14:05:56
2023-09-13,,0.859,0.86,0.853,0.857,19919,1705954.256,0.82,0.0,0.0,0.54,2026-02-11 14:05:56
2023-09-14,,0.858,0.868,0.857,0.868,29474,2547098.3,1.28,1.28,0.011,0.8,2026-02-11 14:05:56
2023-09-15,,0.869,0.877,0.869,0.871,44994,3929184.7,0.92,0.35,0.003,1.22,2026-02-11 14:05:56
2023-09-18,,0.87,0.871,0.864,0.868,18852,1636059.7,0.8,-0.34,-0.003,0.51,2026-02-11 14:05:56
2023-09-19,,0.87,0.881,0.869,0.881,45765,4008710.6,1.38,1.5,0.013,1.25,2026-02-11 14:05:56
2023-09-20,,0.88,0.888,0.878,0.88,61866,5450865.8,1.14,-0.11,-0.001,1.68,2026-02-11 14:05:56
2023-09-21,,0.878,0.886,0.87,0.872,69914,6125549.9,1.82,-0.91,-0.008,1.9,2026-02-11 14:05:56
2023-09-22,,0.869,0.879,0.866,0.878,25200,2198132.5,1.49,0.69,0.006,0.69,2026-02-11 14:05:56
2023-09-25,,0.878,0.878,0.866,0.872,141542,12320188.347,1.37,-0.68,-0.006,3.85,2026-02-11 14:05:56
2023-09-26,,0.872,0.875,0.861,0.862,34578,3003764.4,1.61,-1.15,-0.01,0.94,2026-02-11 14:05:56
2023-09-27,,0.861,0.863,0.859,0.863,19435,1674703.3,0.46,0.12,0.001,0.53,2026-02-11 14:05:56
2023-09-28,,0.864,0.867,0.859,0.861,18341,1584549.1,0.93,-0.23,-0.002,0.5,2026-02-11 14:05:56
2023-10-09,,0.861,0.861,0.839,0.85,27041,2285072.1,2.56,-1.28,-0.011,0.74,2026-02-11 14:05:56
2023-10-10,,0.851,0.858,0.849,0.851,20523,1751065.0,1.06,0.12,0.001,0.56,2026-02-11 14:05:56
2023-10-11,,0.853,0.86,0.853,0.856,38841,3335366.5,0.82,0.59,0.005,1.06,2026-02-11 14:05:56
2023-10-12,,0.87,0.874,0.863,0.872,24032,2089282.6,1.29,1.87,0.016,0.65,2026-02-11 14:05:56
2023-10-13,,0.868,0.868,0.861,0.862,10401,898308.1,0.8,-1.15,-0.01,0.28,2026-02-11 14:05:56
2023-10-16,,0.862,0.863,0.858,0.859,17058,1467577.408,0.58,-0.35,-0.003,0.46,2026-02-11 14:05:56
2023-10-17,,0.861,0.867,0.858,0.867,10396,896930.9,1.05,0.93,0.008,0.28,2026-02-11 14:05:56
2023-10-18,,0.867,0.869,0.86,0.86,12843,1108670.3,1.04,-0.81,-0.007,0.35,2026-02-11 14:05:56
2023-10-19,,0.854,0.857,0.843,0.843,11232,951798.8,1.63,-1.98,-0.017,0.31,2026-02-11 14:05:56
2023-10-20,,0.841,0.845,0.834,0.835,23833,1998904.1,1.3,-0.95,-0.008,0.65,2026-02-11 14:05:56
2023-10-23,,0.834,0.835,0.821,0.827,11223,927454.6,1.68,-0.96,-0.008,0.31,2026-02-11 14:05:56
2023-10-24,,0.827,0.834,0.827,0.834,5850,485950.6,0.85,0.85,0.007,0.16,2026-02-11 14:05:56
2023-10-25,,0.843,0.848,0.838,0.838,18364,1546274.9,1.2,0.48,0.004,0.5,2026-02-11 14:05:56
2023-10-26,,0.841,0.842,0.832,0.838,16487,1377596.9,1.19,0.0,0.0,0.45,2026-02-11 14:05:56
2023-10-27,,0.835,0.852,0.835,0.849,16470,1393092.3,2.03,1.31,0.011,0.45,2026-02-11 14:05:56
2023-10-30,,0.847,0.847,0.836,0.839,27872,2337564.4,1.3,-1.18,-0.01,0.76,2026-02-11 14:05:56
2023-10-31,,0.838,0.838,0.83,0.833,16872,1406771.5,0.95,-0.72,-0.006,0.46,2026-02-11 14:05:56
2023-11-01,,0.836,0.837,0.83,0.837,8060,672025.4,0.84,0.48,0.004,0.22,2026-02-11 14:05:56
2023-11-02,,0.84,0.843,0.837,0.837,15891,1335217.3,0.72,0.0,0.0,0.43,2026-02-11 14:05:56
2023-11-03,,0.839,0.851,0.839,0.848,12607,1066901.2,1.43,1.31,0.011,0.34,2026-02-11 14:05:56
2023-11-06,,0.854,0.855,0.848,0.849,47127,4016774.5,0.83,0.12,0.001,1.28,2026-02-11 14:05:56
2023-11-07,,0.847,0.847,0.838,0.839,31115,2619603.8,1.06,-1.18,-0.01,0.85,2026-02-11 14:05:56
2023-11-08,,0.837,0.839,0.83,0.831,20482,1707425.6,1.07,-0.95,-0.008,0.56,2026-02-11 14:05:56
2023-11-09,,0.832,0.837,0.829,0.836,23390,1948602.1,0.96,0.6,0.005,0.64,2026-02-11 14:05:56
2023-11-10,,0.837,0.837,0.824,0.825,34206,2825519.724,1.56,-1.32,-0.011,0.93,2026-02-11 14:05:56
2023-11-13,,0.826,0.832,0.824,0.831,14172,1172951.434,0.97,0.73,0.006,0.39,2026-02-11 14:05:56
2023-11-14,,0.834,0.842,0.834,0.841,29287,2455316.2,0.96,1.2,0.01,0.8,2026-02-11 14:05:56
2023-11-15,,0.85,0.858,0.846,0.856,16420,1398473.3,1.43,1.78,0.015,0.45,2026-02-11 14:05:56
2023-11-16,,0.859,0.859,0.847,0.855,8805,750868.592,1.4,-0.12,-0.001,0.24,2026-02-11 14:05:56
2023-11-17,,0.853,0.853,0.839,0.841,43549,3659617.9,1.64,-1.64,-0.014,1.19,2026-02-11 14:05:56
2023-11-20,,0.841,0.847,0.84,0.844,15474,1305270.9,0.83,0.36,0.003,0.42,2026-02-11 14:05:56
2023-11-21,,0.847,0.853,0.841,0.842,29154,2469462.8,1.42,-0.24,-0.002,0.79,2026-02-11 14:05:56
2023-11-22,,0.839,0.84,0.836,0.836,9732,815358.2,0.48,-0.71,-0.006,0.26,2026-02-11 14:05:56
2023-11-23,,0.837,0.846,0.833,0.846,5722,480612.88,1.56,1.2,0.01,0.16,2026-02-11 14:05:56
2023-11-24,,0.843,0.846,0.841,0.841,5334,449949.9,0.59,-0.59,-0.005,0.15,2026-02-11 14:05:56
2023-11-27,,0.843,0.843,0.835,0.839,9088,761559.1,0.95,-0.24,-0.002,0.25,2026-02-11 14:05:56
2023-11-28,,0.838,0.839,0.835,0.837,16279,1361758.7,0.48,-0.24,-0.002,0.44,2026-02-11 14:05:56
2023-11-29,,0.837,0.837,0.818,0.819,27318,2256496.9,2.27,-2.15,-0.018,0.74,2026-02-11 14:05:56
2023-11-30,,0.819,0.828,0.819,0.826,21645,1783408.8,1.1,0.85,0.007,0.59,2026-02-11 14:05:56
2023-12-01,,0.825,0.83,0.823,0.825,16710,1380116.8,0.85,-0.12,-0.001,0.45,2026-02-11 14:05:56
2023-12-04,,0.825,0.825,0.819,0.819,13813,1133766.463,0.73,-0.73,-0.006,0.38,2026-02-11 14:05:56
2023-12-05,,0.817,0.817,0.802,0.802,13189,1065921.7,1.83,-2.08,-0.017,0.36,2026-02-11 14:05:56
2023-12-06,,0.805,0.815,0.803,0.812,19938,1615536.1,1.5,1.25,0.01,0.54,2026-02-11 14:05:56
2023-12-07,,0.812,0.812,0.798,0.802,18313,1468407.4,1.72,-1.23,-0.01,0.5,2026-02-11 14:05:56
2023-12-08,,0.803,0.806,0.8,0.803,18555,1488644.0,0.75,0.12,0.001,0.51,2026-02-11 14:05:56
2023-12-11,,0.8,0.801,0.786,0.799,46193,3655050.1,1.87,-0.5,-0.004,1.26,2026-02-11 14:05:56
2023-12-12,,0.8,0.809,0.799,0.809,10182,818769.4,1.25,1.25,0.01,0.28,2026-02-11 14:05:56
2023-12-13,,0.805,0.805,0.797,0.797,7558,604921.9,0.99,-1.48,-0.012,0.21,2026-02-11 14:05:56
2023-12-14,,0.802,0.806,0.798,0.799,6762,541832.8,1.0,0.25,0.002,0.18,2026-02-11 14:05:56
2023-12-15,,0.803,0.816,0.803,0.809,21958,1778188.8,1.63,1.25,0.01,0.6,2026-02-11 14:05:56
2023-12-18,,0.805,0.81,0.804,0.807,35220,2840595.8,0.74,-0.25,-0.002,0.96,2026-02-11 14:05:56
2023-12-19,,0.807,0.809,0.803,0.805,6885,555479.2,0.74,-0.25,-0.002,0.19,2026-02-11 14:05:56
2023-12-20,,0.807,0.816,0.807,0.807,133144,10814596.7,1.12,0.25,0.002,3.62,2026-02-11 14:05:56
2023-12-21,,0.808,0.815,0.807,0.812,19359,1569606.0,0.99,0.62,0.005,0.53,2026-02-11 14:05:56
2023-12-22,,0.812,0.823,0.812,0.817,34190,2793614.2,1.35,0.62,0.005,0.93,2026-02-11 14:05:56
2023-12-25,,0.817,0.823,0.813,0.813,16385,1337605.5,1.22,-0.49,-0.004,0.45,2026-02-11 14:05:56
2023-12-26,,0.816,0.817,0.812,0.814,9240,752820.2,0.62,0.12,0.001,0.25,2026-02-11 14:05:56
2023-12-27,,0.815,0.829,0.814,0.829,26355,2176324.764,1.84,1.84,0.015,0.72,2026-02-11 14:05:56
2023-12-28,,0.829,0.838,0.827,0.836,52028,4340278.9,1.33,0.84,0.007,1.42,2026-02-11 14:05:56
2023-12-29,,0.836,0.836,0.831,0.832,33134,2762278.4,0.6,-0.48,-0.004,0.9,2026-02-11 14:05:56
2024-01-02,,0.836,0.839,0.833,0.839,149083,12476995.0,0.72,0.84,0.007,4.06,2026-02-11 14:05:56
2024-01-03,,0.835,0.841,0.832,0.84,66749,5601525.8,1.07,0.12,0.001,1.82,2026-02-11 14:05:56
2024-01-04,,0.84,0.851,0.84,0.85,81435,6901669.5,1.31,1.19,0.01,2.22,2026-02-11 14:05:56
2024-01-05,,0.85,0.859,0.842,0.858,57805,4934505.2,2.0,0.94,0.008,1.57,2026-02-11 14:05:56
2024-01-08,,0.858,0.858,0.831,0.831,64392,5403399.8,3.15,-3.15,-0.027,1.75,2026-02-11 14:05:56
2024-01-09,,0.835,0.842,0.831,0.84,17969,1506392.6,1.32,1.08,0.009,0.49,2026-02-11 14:05:56
2024-01-10,,0.838,0.838,0.831,0.831,21484,1792313.3,0.83,-1.07,-0.009,0.58,2026-02-11 14:05:56
2024-01-11,,0.831,0.837,0.826,0.831,21413,1782986.6,1.32,0.0,0.0,0.58,2026-02-11 14:05:56
2024-01-12,,0.831,0.837,0.827,0.834,51346,4280653.6,1.2,0.36,0.003,1.4,2026-02-11 14:05:56
2024-01-15,,0.833,0.838,0.833,0.834,45786,3824052.9,0.6,0.0,0.0,1.25,2026-02-11 14:05:56
2024-01-16,,0.834,0.839,0.825,0.828,43081,3578674.2,1.68,-0.72,-0.006,1.17,2026-02-11 14:05:56
2024-01-17,,0.828,0.828,0.8,0.8,65864,5310048.8,3.38,-3.38,-0.028,1.79,2026-02-11 14:05:56
2024-01-18,,0.799,0.808,0.794,0.806,88246,7045018.7,1.75,0.75,0.006,2.4,2026-02-11 14:05:56
2024-01-19,,0.806,0.808,0.794,0.796,51986,4171090.0,1.74,-1.24,-0.01,1.41,2026-02-11 14:05:56
2024-01-22,,0.795,0.799,0.77,0.773,42579,3324818.0,3.64,-2.89,-0.023,1.16,2026-02-11 14:05:56
2024-01-23,,0.775,0.794,0.774,0.787,84282,6637412.3,2.59,1.81,0.014,2.29,2026-02-11 14:05:56
2024-01-24,,0.788,0.812,0.788,0.811,117527,9428956.6,3.05,3.05,0.024,3.2,2026-02-11 14:05:56
2024-01-25,,0.822,0.843,0.812,0.843,248949,20681244.7,3.82,3.95,0.032,6.78,2026-02-11 14:05:56
2024-01-26,,0.84,0.848,0.833,0.839,202870,17080197.2,1.78,-0.47,-0.004,5.52,2026-02-11 14:05:56
2024-01-29,,0.835,0.85,0.835,0.842,164321,13876255.6,1.79,0.36,0.003,4.47,2026-02-11 14:05:56
2024-01-30,,0.841,0.841,0.824,0.824,91320,7579632.9,2.02,-2.14,-0.018,2.49,2026-02-11 14:05:56
2024-01-31,,0.823,0.827,0.813,0.817,96423,7897491.7,1.7,-0.85,-0.007,2.62,2026-02-11 14:05:56
2024-02-01,,0.814,0.823,0.809,0.815,32814,2676272.4,1.71,-0.24,-0.002,0.89,2026-02-11 14:05:56
2024-02-02,,0.82,0.829,0.807,0.819,81076,6660716.3,2.7,0.49,0.004,2.21,2026-02-11 14:05:56
2024-02-05,,0.819,0.819,0.8,0.812,236583,19099037.218,2.32,-0.85,-0.007,6.44,2026-02-11 14:05:56
2024-02-06,,0.814,0.832,0.805,0.832,173813,14278329.1,3.33,2.46,0.02,4.73,2026-02-11 14:05:56
2024-02-07,,0.834,0.837,0.828,0.831,52281,4360061.1,1.08,-0.12,-0.001,1.42,2026-02-11 14:05:56
2024-02-08,,0.831,0.837,0.828,0.83,42746,3550407.1,1.08,-0.12,-0.001,1.16,2026-02-11 14:05:56
2024-02-19,,0.836,0.883,0.815,0.846,588566,49753716.5,8.19,1.93,0.016,16.02,2026-02-11 14:05:56
2024-02-20,,0.845,0.858,0.837,0.854,128497,10945497.6,2.48,0.95,0.008,3.5,2026-02-11 14:05:56
2024-02-21,,0.854,0.878,0.854,0.868,207849,18119470.9,2.81,1.64,0.014,5.66,2026-02-11 14:05:56
2024-02-22,,0.868,0.889,0.868,0.888,110109,9693073.247,2.42,2.3,0.02,3.0,2026-02-11 14:05:56
2024-02-23,,0.891,0.902,0.888,0.892,172616,15422093.6,1.58,0.45,0.004,4.7,2026-02-11 14:05:56
2024-02-26,,0.891,0.895,0.878,0.881,98146,8688231.7,1.91,-1.23,-0.011,2.67,2026-02-11 14:05:56
2024-02-27,,0.88,0.884,0.875,0.88,79242,6961287.3,1.02,-0.11,-0.001,2.16,2026-02-11 14:05:56
2024-02-28,,0.878,0.886,0.874,0.875,102546,9033201.8,1.36,-0.57,-0.005,2.79,2026-02-11 14:05:56
2024-02-29,,0.875,0.88,0.872,0.877,33801,2963224.9,0.91,0.23,0.002,0.92,2026-02-11 14:05:56
2024-03-01,,0.878,0.88,0.869,0.875,351168,30743746.372,1.25,-0.23,-0.002,9.56,2026-02-11 14:05:56
2024-03-04,,0.875,0.879,0.871,0.873,145609,12755011.6,0.91,-0.23,-0.002,3.96,2026-02-11 14:05:56
2024-03-05,,0.873,0.878,0.859,0.863,218023,18900281.5,2.18,-1.15,-0.01,5.93,2026-02-11 14:05:56
2024-03-06,,0.861,0.879,0.86,0.872,234061,20421776.1,2.2,1.04,0.009,6.37,2026-02-11 14:05:56
2024-03-07,,0.876,0.891,0.873,0.878,578901,51219200.5,2.06,0.69,0.006,15.76,2026-02-11 14:05:56
2024-03-08,,0.88,0.892,0.88,0.889,298699,26511046.8,1.37,1.25,0.011,8.13,2026-02-11 14:05:56
2024-03-11,,0.89,0.899,0.881,0.885,349526,30938517.639,2.02,-0.45,-0.004,9.51,2026-02-11 14:05:56
2024-03-12,,0.885,0.901,0.882,0.9,302444,26970754.1,2.15,1.69,0.015,8.23,2026-02-11 14:05:56
2024-03-13,,0.904,0.909,0.901,0.901,178906,16165384.0,0.89,0.11,0.001,4.87,2026-02-11 14:05:56
2024-03-14,,0.899,0.911,0.895,0.898,231079,20875502.8,1.78,-0.33,-0.003,6.29,2026-02-11 14:05:56
2024-03-15,,0.898,0.901,0.884,0.89,109645,9765279.1,1.89,-0.89,-0.008,2.98,2026-02-11 14:05:56
2024-03-18,,0.89,0.899,0.89,0.894,53525,4788083.1,1.01,0.45,0.004,1.46,2026-02-11 14:05:56
2024-03-19,,0.886,0.894,0.885,0.885,117647,10463836.5,1.01,-1.01,-0.009,3.2,2026-02-11 14:05:56
2024-03-20,,0.88,0.89,0.88,0.886,135582,12023335.5,1.13,0.11,0.001,3.69,2026-02-11 14:05:56
2024-03-21,,0.889,0.903,0.889,0.9,167464,15038380.7,1.58,1.58,0.014,4.56,2026-02-11 14:05:56
2024-03-22,,0.896,0.896,0.88,0.886,144872,12854612.4,1.78,-1.56,-0.014,3.94,2026-02-11 14:05:56
2024-03-25,,0.885,0.887,0.871,0.88,316704,27813000.5,1.81,-0.68,-0.006,8.62,2026-02-11 14:05:56
2024-03-26,,0.879,0.882,0.87,0.876,107760,9431335.6,1.36,-0.45,-0.004,2.93,2026-02-11 14:05:56
2024-03-27,,0.875,0.876,0.864,0.867,103946,9033770.8,1.37,-1.03,-0.009,2.83,2026-02-11 14:05:56
2024-03-28,,0.863,0.867,0.853,0.863,136580,11742389.6,1.61,-0.46,-0.004,3.72,2026-02-11 14:05:56
2024-03-29,,0.863,0.868,0.862,0.865,28038,2423711.4,0.7,0.23,0.002,0.76,2026-02-11 14:05:56
2024-04-01,,0.866,0.874,0.866,0.874,45603,3973979.1,0.92,1.04,0.009,1.24,2026-02-11 14:05:56
2024-04-02,,0.875,0.882,0.875,0.876,59822,5252174.4,0.8,0.23,0.002,1.63,2026-02-11 14:05:56
2024-04-03,,0.877,0.881,0.876,0.877,65193,5730077.8,0.57,0.11,0.001,1.77,2026-02-11 14:05:56
2024-04-08,,0.877,0.884,0.867,0.879,82256,7181149.2,1.94,0.23,0.002,2.24,2026-02-11 14:05:56
2024-04-09,,0.876,0.888,0.875,0.884,98081,8666220.9,1.48,0.57,0.005,2.67,2026-02-11 14:05:56
2024-04-10,,0.885,0.894,0.882,0.894,97408,8676476.18,1.36,1.13,0.01,2.65,2026-02-11 14:05:56
2024-04-11,,0.885,0.896,0.883,0.895,99031,8827606.2,1.45,0.11,0.001,2.7,2026-02-11 14:05:56
2024-04-12,,0.895,0.895,0.88,0.881,50898,4496504.5,1.68,-1.56,-0.014,1.39,2026-02-11 14:05:56
2024-04-15,,0.879,0.882,0.87,0.88,62110,5453151.5,1.36,-0.11,-0.001,1.69,2026-02-11 14:05:56
2024-04-16,,0.875,0.878,0.868,0.869,93041,8121690.9,1.14,-1.25,-0.011,2.53,2026-02-11 14:05:56
2024-04-17,,0.868,0.872,0.867,0.871,46359,4034581.8,0.58,0.23,0.002,1.26,2026-02-11 14:05:56
2024-04-18,,0.871,0.883,0.87,0.879,64370,5648715.9,1.49,0.92,0.008,1.75,2026-02-11 14:05:56
2024-04-19,,0.881,0.881,0.87,0.88,179883,15778786.7,1.25,0.11,0.001,4.9,2026-02-11 14:05:56
2024-04-22,,0.881,0.893,0.881,0.882,68851,6108290.5,1.36,0.23,0.002,1.87,2026-02-11 14:05:56
2024-04-23,,0.884,0.886,0.878,0.881,81595,7206216.0,0.91,-0.11,-0.001,2.22,2026-02-11 14:05:56
2024-04-24,,0.879,0.902,0.879,0.902,142340,12742548.3,2.61,2.38,0.021,3.87,2026-02-11 14:05:56
2024-04-25,,0.906,0.92,0.901,0.914,242485,22113290.0,2.11,1.33,0.012,6.6,2026-02-11 14:05:56
2024-04-26,,0.913,0.932,0.913,0.926,407178,37719263.9,2.08,1.31,0.012,11.08,2026-02-11 14:05:56
2024-04-29,,0.926,0.942,0.924,0.933,174481,16230816.94,1.94,0.76,0.007,4.75,2026-02-11 14:05:56
2024-04-30,,0.933,0.944,0.926,0.928,256329,23998327.2,1.93,-0.54,-0.005,6.98,2026-02-11 14:05:56
2024-05-06,,0.951,0.952,0.941,0.951,98516,9317351.8,1.19,2.48,0.023,2.68,2026-02-11 14:05:56
2024-05-07,,0.951,0.961,0.951,0.958,65554,6276352.8,1.05,0.74,0.007,1.78,2026-02-11 14:05:56
2024-05-08,,0.956,0.965,0.951,0.952,77045,7383230.1,1.46,-0.63,-0.006,2.1,2026-02-11 14:05:56
2024-05-09,,0.956,0.972,0.956,0.97,415295,40087569.2,1.68,1.89,0.018,11.3,2026-02-11 14:05:56
2024-05-10,,0.986,1.019,0.986,1.018,1231827,123663891.99,3.4,4.95,0.048,33.53,2026-02-11 14:05:56
2024-05-13,,1.026,1.027,1.003,1.019,1457753,147657474.844,2.36,0.1,0.001,39.68,2026-02-11 14:05:56
2024-05-14,,1.022,1.029,1.007,1.008,727740,73811874.32,2.16,-1.08,-0.011,19.81,2026-02-11 14:05:56
2024-05-15,,1.008,1.008,0.998,1.0,327254,32761379.901,0.99,-0.79,-0.008,8.91,2026-02-11 14:05:56
2024-05-16,,1.0,1.028,0.995,1.022,943872,95968637.584,3.3,2.2,0.022,25.69,2026-02-11 14:05:56
2024-05-17,,1.028,1.036,1.019,1.033,800217,82283970.6,1.66,1.08,0.011,21.78,2026-02-11 14:05:56
2024-05-20,,1.039,1.05,1.038,1.049,438889,45897993.5,1.16,1.55,0.016,11.95,2026-02-11 14:05:56
2024-05-21,,1.048,1.049,1.025,1.026,535306,55286085.1,2.29,-2.19,-0.023,14.57,2026-02-11 14:05:56
2024-05-22,,1.025,1.044,1.025,1.029,593852,61449609.236,1.85,0.29,0.003,16.16,2026-02-11 14:05:56
2024-05-23,,1.025,1.029,1.009,1.018,493826,50217752.7,1.94,-1.07,-0.011,13.44,2026-02-11 14:05:56
2024-05-24,,1.01,1.021,1.005,1.005,441939,44773536.5,1.57,-1.28,-0.013,12.03,2026-02-11 14:05:56
2024-05-27,,1.01,1.034,1.007,1.034,816335,83652335.089,2.69,2.89,0.029,22.22,2026-02-11 14:05:56
2024-05-28,,1.03,1.047,1.03,1.031,947983,98562236.6,1.64,-0.29,-0.003,25.8,2026-02-11 14:05:56
2024-05-29,,1.031,1.036,1.018,1.02,597370,61226431.892,1.75,-1.07,-0.011,16.26,2026-02-11 14:05:56
2024-05-30,,1.025,1.026,0.999,1.001,1127542,114143970.742,2.65,-1.86,-0.019,30.69,2026-02-11 14:05:56
2024-05-31,,1.009,1.016,1.004,1.004,480538,48538475.787,1.2,0.3,0.003,13.08,2026-02-11 14:05:56
2024-06-03,,1.005,1.018,1.003,1.012,326989,33092692.6,1.49,0.8,0.008,8.9,2026-02-11 14:05:56
2024-06-04,,1.007,1.017,0.998,1.017,566303,57012638.5,1.88,0.49,0.005,15.41,2026-02-11 14:05:56
2024-06-05,,1.017,1.023,1.007,1.007,360391,36566378.3,1.57,-0.98,-0.01,9.81,2026-02-11 14:05:56
2024-06-06,,1.011,1.018,1.006,1.009,293002,29671522.9,1.19,0.2,0.002,7.97,2026-02-11 14:05:56
2024-06-07,,1.012,1.018,1.009,1.014,258957,26245926.4,0.89,0.5,0.005,7.05,2026-02-11 14:05:56
2024-06-11,,1.014,1.014,0.985,0.996,665930,66044295.5,2.86,-1.78,-0.018,18.12,2026-02-11 14:05:56
2024-06-12,,0.994,0.994,0.975,0.985,501526,49185502.8,1.91,-1.1,-0.011,13.65,2026-02-11 14:05:56
2024-06-13,,0.988,0.994,0.983,0.99,364938,36048967.0,1.12,0.51,0.005,9.93,2026-02-11 14:05:56
2024-06-14,,0.987,1.0,0.983,0.994,497774,49558843.6,1.72,0.4,0.004,13.55,2026-02-11 14:05:56
2024-06-17,,0.993,0.997,0.98,0.98,282230,27810817.9,1.71,-1.41,-0.014,7.68,2026-02-11 14:05:56
2024-06-18,,0.98,0.99,0.978,0.985,146644,14438520.3,1.22,0.51,0.005,3.99,2026-02-11 14:05:56
2024-06-19,,0.987,1.01,0.986,1.008,375285,37575980.3,2.44,2.34,0.023,10.21,2026-02-11 14:05:56
2024-06-20,,1.012,1.021,1.01,1.011,706461,71689323.7,1.09,0.3,0.003,19.23,2026-02-11 14:05:56
2024-06-21,,1.01,1.01,0.997,0.999,368328,36957324.0,1.29,-1.19,-0.012,10.02,2026-02-11 14:05:56
2024-06-24,,0.999,0.999,0.985,0.991,301634,29850147.7,1.4,-0.8,-0.008,8.21,2026-02-11 14:05:56
2024-06-25,,0.996,1.008,0.993,0.998,288991,28918410.3,1.51,0.71,0.007,7.87,2026-02-11 14:05:56
2024-06-26,,0.992,1.001,0.992,0.999,247754,24738092.5,0.9,0.1,0.001,6.74,2026-02-11 14:05:56
2024-06-27,,0.997,0.997,0.978,0.978,240962,23727308.8,1.9,-2.1,-0.021,6.56,2026-02-11 14:05:56
2024-06-28,,0.975,0.998,0.975,0.989,309572,30642649.3,2.35,1.12,0.011,8.43,2026-02-11 14:05:56
2024-07-01,,0.988,1.002,0.988,1.001,201818,20074837.0,1.42,1.21,0.012,5.49,2026-02-11 14:05:56
2024-07-02,,1.001,1.011,0.998,1.0,561085,56400979.5,1.3,-0.1,-0.001,15.27,2026-02-11 14:05:56
2024-07-03,,0.999,1.01,0.999,1.007,233763,23510321.3,1.1,0.7,0.007,6.36,2026-02-11 14:05:56
2024-07-04,,1.01,1.018,1.008,1.014,372863,37770831.1,0.99,0.7,0.007,10.15,2026-02-11 14:05:56
2024-07-05,,1.019,1.019,0.998,1.0,476995,48005185.9,2.07,-1.38,-0.014,12.98,2026-02-11 14:05:56
2024-07-08,,0.996,1.003,0.982,0.986,381997,37722988.7,2.1,-1.4,-0.014,10.4,2026-02-11 14:05:56
2024-07-09,,0.982,0.994,0.976,0.993,393045,38772480.9,1.83,0.71,0.007,10.7,2026-02-11 14:05:56
2024-07-10,,0.99,0.992,0.969,0.971,501886,49064190.0,2.32,-2.22,-0.022,13.66,2026-02-11 14:05:56
2024-07-11,,0.975,0.982,0.974,0.982,309398,30266395.2,0.82,1.13,0.011,8.42,2026-02-11 14:05:56
2024-07-12,,0.986,0.998,0.984,0.989,214309,21229625.1,1.43,0.71,0.007,5.83,2026-02-11 14:05:56
2024-07-15,,0.986,0.99,0.979,0.981,174908,17230069.6,1.11,-0.81,-0.008,4.76,2026-02-11 14:05:56
2024-07-16,,0.976,0.981,0.97,0.977,381288,37274198.5,1.12,-0.41,-0.004,10.38,2026-02-11 14:05:56
2024-07-17,,0.979,0.981,0.962,0.963,261942,25331563.7,1.94,-1.43,-0.014,7.13,2026-02-11 14:05:56
2024-07-18,,0.958,0.979,0.958,0.978,340441,33026641.0,2.18,1.56,0.015,9.27,2026-02-11 14:05:56
2024-07-19,,0.979,0.979,0.944,0.945,995192,94516139.2,3.58,-3.37,-0.033,27.09,2026-02-11 14:05:56
2024-07-22,,0.949,0.954,0.933,0.954,575751,54437497.6,2.22,0.95,0.009,15.67,2026-02-11 14:05:56
2024-07-23,,0.955,0.964,0.949,0.952,368582,35276097.9,1.57,-0.21,-0.002,10.03,2026-02-11 14:05:56
2024-07-24,,0.947,0.957,0.947,0.951,148065,14122808.9,1.05,-0.11,-0.001,4.03,2026-02-11 14:05:56
2024-07-25,,0.946,0.95,0.928,0.929,170367,15909111.5,2.31,-2.31,-0.022,4.64,2026-02-11 14:05:56
2024-07-26,,0.93,0.941,0.925,0.928,215672,20117240.7,1.72,-0.11,-0.001,5.87,2026-02-11 14:05:56
2024-07-29,,0.931,0.939,0.928,0.937,164917,15393100.1,1.19,0.97,0.009,4.49,2026-02-11 14:05:56
2024-07-30,,0.931,0.934,0.921,0.923,106729,9863215.2,1.39,-1.49,-0.014,2.9,2026-02-11 14:05:56
2024-07-31,,0.916,0.938,0.916,0.935,223956,20856225.0,2.38,1.3,0.012,6.1,2026-02-11 14:05:56
2024-08-01,,0.935,0.941,0.928,0.93,155853,14540431.3,1.39,-0.53,-0.005,4.24,2026-02-11 14:05:56
2024-08-02,,0.924,0.924,0.913,0.916,143396,13147093.0,1.18,-1.51,-0.014,3.9,2026-02-11 14:05:56
2024-08-05,,0.91,0.916,0.887,0.89,283081,25408917.2,3.17,-2.84,-0.026,7.7,2026-02-11 14:05:56
2024-08-06,,0.902,0.906,0.889,0.893,142542,12782984.9,1.91,0.34,0.003,3.88,2026-02-11 14:05:56
2024-08-07,,0.894,0.915,0.894,0.909,205433,18645700.5,2.35,1.79,0.016,5.59,2026-02-11 14:05:56
2024-08-08,,0.91,0.916,0.903,0.912,182867,16652146.1,1.43,0.33,0.003,4.98,2026-02-11 14:05:56
2024-08-09,,0.917,0.925,0.914,0.914,140871,12952850.9,1.21,0.22,0.002,3.83,2026-02-11 14:05:56
2024-08-12,,0.915,0.921,0.912,0.918,99030,9080360.9,0.98,0.44,0.004,2.7,2026-02-11 14:05:56
2024-08-13,,0.921,0.924,0.917,0.921,94308,8677353.8,0.76,0.33,0.003,2.57,2026-02-11 14:05:56
2024-08-14,,0.922,0.923,0.913,0.915,58921,5401355.5,1.09,-0.65,-0.006,1.6,2026-02-11 14:05:56
2024-08-15,,0.912,0.928,0.91,0.92,149954,13805435.0,1.97,0.55,0.005,4.08,2026-02-11 14:05:56
2024-08-16,,0.928,0.935,0.924,0.932,288432,26883595.5,1.2,1.3,0.012,7.85,2026-02-11 14:05:56
2024-08-19,,0.931,0.936,0.928,0.932,350723,32682789.1,0.86,0.0,0.0,9.55,2026-02-11 14:05:56
2024-08-20,,0.933,0.934,0.919,0.92,175727,16251646.4,1.61,-1.29,-0.012,4.78,2026-02-11 14:05:56
2024-08-21,,0.916,0.919,0.905,0.915,142107,12998054.0,1.52,-0.54,-0.005,3.87,2026-02-11 14:05:56
2024-08-22,,0.921,0.921,0.908,0.914,55054,5024471.0,1.42,-0.11,-0.001,1.5,2026-02-11 14:05:56
2024-08-23,,0.909,0.917,0.909,0.915,72939,6666404.6,0.88,0.11,0.001,1.99,2026-02-11 14:05:56
2024-08-26,,0.917,0.928,0.915,0.928,198528,18323203.3,1.42,1.42,0.013,5.4,2026-02-11 14:05:56
2024-08-27,,0.923,0.934,0.923,0.933,130975,12179728.8,1.19,0.54,0.005,3.56,2026-02-11 14:05:56
2024-08-28,,0.933,0.936,0.924,0.925,127447,11809804.2,1.29,-0.86,-0.008,3.47,2026-02-11 14:05:56
2024-08-29,,0.922,0.927,0.917,0.923,114661,10580410.6,1.08,-0.22,-0.002,3.12,2026-02-11 14:05:56
2024-08-30,,0.923,0.937,0.922,0.929,215216,20012546.0,1.63,0.65,0.006,5.86,2026-02-11 14:05:56
2024-09-02,,0.925,0.929,0.918,0.92,95412,8790040.5,1.18,-0.97,-0.009,2.6,2026-02-11 14:05:56
2024-09-03,,0.92,0.924,0.916,0.917,148046,13605178.4,0.87,-0.33,-0.003,4.03,2026-02-11 14:05:56
2024-09-04,,0.917,0.917,0.901,0.904,79909,7242382.0,1.74,-1.42,-0.013,2.17,2026-02-11 14:05:56
2024-09-05,,0.904,0.909,0.896,0.898,91709,8261524.7,1.44,-0.66,-0.006,2.5,2026-02-11 14:05:56
2024-09-06,,0.9,0.904,0.894,0.898,54819,4934656.7,1.11,0.0,0.0,1.49,2026-02-11 14:05:56
2024-09-09,,0.893,0.898,0.875,0.878,166690,14667939.4,2.56,-2.23,-0.02,4.54,2026-02-11 14:05:56
2024-09-10,,0.88,0.882,0.876,0.879,65044,5716791.6,0.68,0.11,0.001,1.77,2026-02-11 14:05:56
2024-09-11,,0.875,0.875,0.854,0.86,431067,37011014.7,2.39,-2.16,-0.019,11.73,2026-02-11 14:05:56
2024-09-12,,0.863,0.873,0.859,0.872,204531,17767390.8,1.63,1.4,0.012,5.57,2026-02-11 14:05:56
2024-09-13,,0.872,0.887,0.872,0.879,187547,16516989.9,1.72,0.8,0.007,5.1,2026-02-11 14:05:56
2024-09-18,,0.882,0.887,0.88,0.883,136115,12023167.3,0.8,0.46,0.004,3.7,2026-02-11 14:05:56
2024-09-19,,0.884,0.901,0.884,0.901,215968,19323145.0,1.93,2.04,0.018,5.88,2026-02-11 14:05:56
2024-09-20,,0.902,0.913,0.901,0.907,140923,12792138.8,1.33,0.67,0.006,3.84,2026-02-11 14:05:56
2024-09-23,,0.91,0.925,0.91,0.92,121039,11124781.1,1.65,1.43,0.013,3.29,2026-02-11 14:05:56
2024-09-24,,0.927,0.96,0.926,0.96,356652,33761292.4,3.7,4.35,0.04,9.71,2026-02-11 14:05:56
2024-09-25,,0.977,0.991,0.964,0.966,528537,51663615.3,2.81,0.63,0.006,14.39,2026-02-11 14:05:56
2024-09-26,,0.97,1.007,0.966,1.006,413035,40783141.2,4.24,4.14,0.04,11.24,2026-02-11 14:05:56
2024-09-27,,1.037,1.041,1.016,1.031,745456,76593431.932,2.49,2.49,0.025,20.29,2026-02-11 14:05:56
2024-09-30,,1.065,1.099,1.047,1.079,1249195,133897812.372,5.04,4.66,0.048,34.0,2026-02-11 14:05:56
2024-10-08,,1.182,1.187,1.062,1.094,1035713,115301506.353,11.58,1.39,0.015,28.19,2026-02-11 14:05:56
2024-10-09,,1.094,1.094,1.01,1.024,686408,71793800.751,7.68,-6.4,-0.07,18.68,2026-02-11 14:05:56
2024-10-10,,1.036,1.12,1.036,1.073,1866467,202313337.794,8.2,4.79,0.049,50.8,2026-02-11 14:05:56
2024-10-11,,1.077,1.155,1.041,1.045,2532746,275873079.4,10.62,-2.61,-0.028,68.93,2026-02-11 14:05:56
2024-10-14,,1.071,1.09,1.056,1.088,2043704,220189514.5,3.25,4.11,0.043,55.62,2026-02-11 14:05:56
2024-10-15,,1.08,1.092,1.053,1.054,906664,97640971.383,3.58,-3.13,-0.034,24.68,2026-02-11 14:05:56
2024-10-16,,1.048,1.083,1.048,1.063,1055100,112438118.7,3.32,0.85,0.009,28.72,2026-02-11 14:05:56
2024-10-17,,1.072,1.082,1.044,1.046,780059,83094095.76,3.57,-1.6,-0.017,21.23,2026-02-11 14:05:56
2024-10-18,,1.051,1.08,1.043,1.067,1112640,117658386.296,3.54,2.01,0.021,30.28,2026-02-11 14:05:56
2024-10-21,,1.074,1.08,1.058,1.061,834317,89094747.1,2.06,-0.56,-0.006,22.71,2026-02-11 14:05:56
2024-10-22,,1.063,1.074,1.062,1.067,635840,67927080.5,1.13,0.57,0.006,17.31,2026-02-11 14:05:56
2024-10-23,,1.07,1.084,1.066,1.074,764311,82238995.7,1.69,0.66,0.007,20.8,2026-02-11 14:05:56
2024-10-24,,1.07,1.072,1.061,1.067,531944,56699801.8,1.02,-0.65,-0.007,14.48,2026-02-11 14:05:56
2024-10-25,,1.073,1.076,1.062,1.063,580030,61953875.985,1.31,-0.37,-0.004,15.79,2026-02-11 14:05:56
2024-10-28,,1.066,1.068,1.057,1.066,536019,57001988.1,1.03,0.28,0.003,14.59,2026-02-11 14:05:56
2024-10-29,,1.067,1.072,1.05,1.051,945411,100071639.5,2.06,-1.41,-0.015,25.73,2026-02-11 14:05:56
2024-10-30,,1.047,1.054,1.032,1.037,430316,44831547.9,2.09,-1.33,-0.014,11.71,2026-02-11 14:05:56
2024-10-31,,1.035,1.051,1.035,1.039,479142,49965614.7,1.54,0.19,0.002,13.04,2026-02-11 14:05:56
2024-11-01,,1.039,1.051,1.037,1.039,688103,71869463.6,1.35,0.0,0.0,18.73,2026-02-11 14:05:56
2024-11-04,,1.045,1.045,1.034,1.043,450127,46727315.2,1.06,0.38,0.004,12.25,2026-02-11 14:05:56
2024-11-05,,1.043,1.059,1.04,1.057,509065,53606624.5,1.82,1.34,0.014,13.86,2026-02-11 14:05:56
2024-11-06,,1.06,1.064,1.046,1.052,348145,36728734.1,1.7,-0.47,-0.005,9.48,2026-02-11 14:05:56
2024-11-07,,1.046,1.08,1.046,1.078,523865,56027324.264,3.23,2.47,0.026,14.26,2026-02-11 14:05:56
2024-11-08,,1.086,1.093,1.068,1.071,902283,97241004.8,2.32,-0.65,-0.007,24.56,2026-02-11 14:05:56
2024-11-11,,1.05,1.069,1.043,1.054,411616,43188218.2,2.43,-1.59,-0.017,11.2,2026-02-11 14:05:56
2024-11-12,,1.053,1.068,1.026,1.03,695091,72683937.6,3.98,-2.28,-0.024,18.92,2026-02-11 14:05:56
2024-11-13,,1.029,1.046,1.022,1.03,601004,62091428.66,2.33,0.0,0.0,16.36,2026-02-11 14:05:56
2024-11-14,,1.025,1.036,1.012,1.014,264669,27124044.8,2.33,-1.55,-0.016,7.2,2026-02-11 14:05:56
2024-11-15,,1.016,1.025,1.012,1.015,308941,31472552.2,1.28,0.1,0.001,8.41,2026-02-11 14:05:56
2024-11-18,,1.019,1.036,1.019,1.023,574583,58907443.1,1.67,0.79,0.008,15.64,2026-02-11 14:05:56
2024-11-19,,1.026,1.032,1.02,1.027,262629,26965029.5,1.17,0.39,0.004,7.15,2026-02-11 14:05:56
2024-11-20,,1.026,1.033,1.024,1.029,229705,23631020.8,0.88,0.19,0.002,6.25,2026-02-11 14:05:56
2024-11-21,,1.028,1.032,1.025,1.026,144007,14812015.9,0.68,-0.29,-0.003,3.92,2026-02-11 14:05:56
2024-11-22,,1.023,1.028,0.995,0.996,215102,21764385.2,3.22,-2.92,-0.03,5.85,2026-02-11 14:05:56
2024-11-25,,1.002,1.006,0.995,1.0,168627,16872047.8,1.1,0.4,0.004,4.59,2026-02-11 14:05:56
2024-11-26,,0.998,1.002,0.994,0.995,217608,21708271.0,0.8,-0.5,-0.005,5.92,2026-02-11 14:05:56
2024-11-27,,0.994,1.005,0.99,1.004,253796,25299433.1,1.51,0.9,0.009,6.91,2026-02-11 14:05:56
2024-11-28,,1.007,1.008,0.993,0.995,139759,13988722.0,1.49,-0.9,-0.009,3.8,2026-02-11 14:05:56
2024-11-29,,0.997,1.005,0.992,0.997,201570,20094467.5,1.31,0.2,0.002,5.49,2026-02-11 14:05:56
2024-12-02,,0.999,1.009,0.997,1.002,230425,23089224.578,1.2,0.5,0.005,6.27,2026-02-11 14:05:56
2024-12-03,,1.005,1.02,1.002,1.017,247530,25034840.7,1.8,1.5,0.015,6.74,2026-02-11 14:05:56
2024-12-04,,1.018,1.034,1.015,1.03,576752,59236277.0,1.87,1.28,0.013,15.7,2026-02-11 14:05:56
2024-12-05,,1.027,1.029,1.016,1.018,314773,32151410.3,1.26,-1.17,-0.012,8.57,2026-02-11 14:05:56
2024-12-06,,1.021,1.034,1.019,1.031,218293,22422104.9,1.47,1.28,0.013,5.94,2026-02-11 14:05:56
2024-12-09,,1.026,1.039,1.026,1.032,189248,19516295.9,1.26,0.1,0.001,5.15,2026-02-11 14:05:56
2024-12-10,,1.077,1.081,1.043,1.046,1435821,151794634.1,3.68,1.36,0.014,39.08,2026-02-11 14:05:56
2024-12-11,,1.047,1.061,1.045,1.048,227438,23943260.5,1.53,0.19,0.002,6.19,2026-02-11 14:05:56
2024-12-12,,1.048,1.067,1.044,1.063,246113,26048748.652,2.19,1.43,0.015,6.7,2026-02-11 14:05:56
2024-12-13,,1.058,1.06,1.039,1.041,205297,21431277.9,1.98,-2.07,-0.022,5.59,2026-02-11 14:05:56
2024-12-16,,1.04,1.05,1.037,1.04,305801,31892408.4,1.25,-0.1,-0.001,8.32,2026-02-11 14:05:56
2024-12-17,,1.033,1.044,1.033,1.035,193740,20143080.0,1.06,-0.48,-0.005,5.27,2026-02-11 14:05:56
2024-12-18,,1.037,1.051,1.037,1.048,299972,31432484.47,1.35,1.26,0.013,8.16,2026-02-11 14:05:56
2024-12-19,,1.04,1.046,1.039,1.046,195505,20389729.2,0.67,-0.19,-0.002,5.32,2026-02-11 14:05:56
2024-12-20,,1.043,1.046,1.038,1.04,213084,22173361.8,0.76,-0.57,-0.006,5.8,2026-02-11 14:05:56
2024-12-23,,1.04,1.049,1.039,1.047,328851,34378859.188,0.96,0.67,0.007,8.95,2026-02-11 14:05:56
2024-12-24,,1.048,1.066,1.048,1.062,225018,23862831.03,1.72,1.43,0.015,6.12,2026-02-11 14:05:56
2024-12-25,,1.061,1.075,1.061,1.066,143888,15352471.274,1.32,0.38,0.004,3.92,2026-02-11 14:05:56
2024-12-26,,1.066,1.068,1.064,1.065,55636,5930950.4,0.38,-0.09,-0.001,1.51,2026-02-11 14:05:56
2024-12-27,,1.063,1.066,1.054,1.064,197948,20998578.2,1.13,-0.09,-0.001,5.39,2026-02-11 14:05:56
2024-12-30,,1.063,1.068,1.06,1.067,214286,22805928.6,0.75,0.28,0.003,5.83,2026-02-11 14:05:56
2024-12-31,,1.065,1.075,1.048,1.066,376780,40331610.1,2.53,-0.09,-0.001,10.25,2026-02-11 14:05:56
2025-01-02,,1.063,1.067,1.037,1.04,356370,37446205.8,2.81,-2.44,-0.026,9.7,2026-02-11 14:05:56
2025-01-03,,1.04,1.046,1.033,1.036,220711,22983470.2,1.25,-0.38,-0.004,6.01,2026-02-11 14:05:56
2025-01-06,,1.038,1.046,1.033,1.035,148639,15417035.2,1.25,-0.1,-0.001,4.05,2026-02-11 14:05:56
2025-01-07,,1.031,1.037,1.021,1.031,148035,15214374.4,1.55,-0.39,-0.004,4.03,2026-02-11 14:05:56
2025-01-08,,1.029,1.035,1.018,1.027,183132,18758503.13,1.65,-0.39,-0.004,4.98,2026-02-11 14:05:56
2025-01-09,,1.024,1.033,1.022,1.027,187241,19230825.51,1.07,0.0,0.0,5.1,2026-02-11 14:05:56
2025-01-10,,1.027,1.029,1.01,1.011,167710,17041594.0,1.85,-1.56,-0.016,4.56,2026-02-11 14:05:56
2025-01-13,,1.008,1.01,0.997,1.01,147110,14747710.5,1.29,-0.1,-0.001,4.0,2026-02-11 14:05:56
2025-01-14,,1.009,1.027,1.009,1.025,214613,21856810.3,1.78,1.49,0.015,5.84,2026-02-11 14:05:56
2025-01-15,,1.023,1.027,1.018,1.024,125649,12859143.8,0.88,-0.1,-0.001,3.42,2026-02-11 14:05:56
2025-01-16,,1.027,1.037,1.022,1.03,169318,17436061.0,1.46,0.59,0.006,4.61,2026-02-11 14:05:56
2025-01-17,,1.027,1.039,1.025,1.036,183530,19002494.9,1.36,0.58,0.006,5.0,2026-02-11 14:05:56
2025-01-20,,1.043,1.05,1.04,1.042,246559,25726468.0,0.97,0.58,0.006,6.71,2026-02-11 14:05:56
2025-01-21,,1.043,1.044,1.036,1.04,145994,15185069.0,0.77,-0.19,-0.002,3.97,2026-02-11 14:05:56
2025-01-22,,1.038,1.038,1.025,1.026,61665,6347609.0,1.25,-1.35,-0.014,1.68,2026-02-11 14:05:56
2025-01-23,,1.029,1.044,1.028,1.03,146976,15224541.0,1.56,0.39,0.004,4.0,2026-02-11 14:05:56
2025-01-24,,1.033,1.044,1.033,1.04,175060,18204480.62,1.07,0.97,0.01,4.76,2026-02-11 14:05:56
2025-01-27,,1.039,1.053,1.039,1.049,133709,14025380.25,1.35,0.87,0.009,3.64,2026-02-11 14:05:56
2025-02-05,,1.052,1.052,1.04,1.041,160774,16801940.49,1.14,-0.76,-0.008,4.38,2026-02-11 14:05:56
2025-02-06,,1.039,1.049,1.038,1.045,331204,34602987.3,1.06,0.38,0.004,9.01,2026-02-11 14:05:56
2025-02-07,,1.049,1.056,1.045,1.051,588298,61833232.216,1.05,0.57,0.006,16.01,2026-02-11 14:05:56
2025-02-10,,1.052,1.063,1.052,1.058,302072,31998945.0,1.05,0.67,0.007,8.22,2026-02-11 14:05:56
2025-02-11,,1.058,1.062,1.048,1.057,249433,26378834.028,1.32,-0.09,-0.001,6.79,2026-02-11 14:05:56
2025-02-12,,1.057,1.07,1.056,1.07,387434,41193315.6,1.32,1.23,0.013,10.54,2026-02-11 14:05:56
2025-02-13,,1.073,1.086,1.064,1.076,693148,74854944.973,2.06,0.56,0.006,18.87,2026-02-11 14:05:56
2025-02-14,,1.073,1.079,1.067,1.076,399005,42880518.5,1.12,0.0,0.0,10.86,2026-02-11 14:05:56
2025-02-17,,1.076,1.093,1.075,1.092,446620,48333249.2,1.67,1.49,0.016,12.16,2026-02-11 14:05:56
2025-02-18,,1.091,1.111,1.088,1.097,619062,68227312.7,2.11,0.46,0.005,16.85,2026-02-11 14:05:56
2025-02-19,,1.095,1.107,1.094,1.102,170866,18822697.9,1.19,0.46,0.005,4.65,2026-02-11 14:05:56
2025-02-20,,1.101,1.105,1.09,1.093,623378,68498693.7,1.36,-0.82,-0.009,16.97,2026-02-11 14:05:56
2025-02-21,,1.093,1.11,1.085,1.11,609006,66946772.3,2.29,1.56,0.017,16.58,2026-02-11 14:05:56
2025-02-24,,1.107,1.118,1.1,1.11,409770,45434455.3,1.62,0.0,0.0,11.15,2026-02-11 14:05:56
2025-02-25,,1.095,1.101,1.09,1.091,188489,20654466.59,0.99,-1.71,-0.019,5.13,2026-02-11 14:05:56
2025-02-26,,1.092,1.112,1.092,1.112,349006,38562028.2,1.83,1.92,0.021,9.5,2026-02-11 14:05:56
2025-02-27,,1.111,1.12,1.107,1.12,500751,55709201.7,1.17,0.72,0.008,13.63,2026-02-11 14:05:56
2025-02-28,,1.119,1.119,1.087,1.088,144587,15916335.005,2.86,-2.86,-0.032,3.94,2026-02-11 14:05:56
2025-03-03,,1.089,1.108,1.089,1.099,250377,27572272.9,1.75,1.01,0.011,6.81,2026-02-11 14:05:56
2025-03-04,,1.094,1.097,1.085,1.096,250935,27344350.2,1.09,-0.27,-0.003,6.83,2026-02-11 14:05:56
2025-03-05,,1.098,1.118,1.096,1.116,437435,48528029.1,2.01,1.82,0.02,11.91,2026-02-11 14:05:56
2025-03-06,,1.124,1.127,1.116,1.125,380145,42617975.4,0.99,0.81,0.009,10.35,2026-02-11 14:05:56
2025-03-07,,1.119,1.146,1.119,1.133,392283,44600036.25,2.4,0.71,0.008,10.68,2026-02-11 14:05:56
2025-03-10,,1.133,1.137,1.116,1.125,234420,26369161.6,1.85,-0.71,-0.008,6.38,2026-02-11 14:05:56
2025-03-11,,1.124,1.127,1.11,1.126,226824,25396065.5,1.51,0.09,0.001,6.17,2026-02-11 14:05:56
2025-03-12,,1.126,1.133,1.122,1.129,322957,36457075.2,0.98,0.27,0.003,8.79,2026-02-11 14:05:56
2025-03-13,,1.129,1.139,1.122,1.128,239878,27082905.7,1.51,-0.09,-0.001,6.53,2026-02-11 14:05:56
2025-03-14,,1.133,1.155,1.133,1.151,293112,33667241.876,1.95,2.04,0.023,7.98,2026-02-11 14:05:56
2025-03-17,,1.152,1.171,1.152,1.17,449015,52337092.2,1.65,1.65,0.019,12.22,2026-02-11 14:05:56
2025-03-18,,1.178,1.181,1.167,1.176,370841,43501535.7,1.2,0.51,0.006,10.09,2026-02-11 14:05:56
2025-03-19,,1.175,1.185,1.175,1.185,359207,42436878.532,0.85,0.77,0.009,9.78,2026-02-11 14:05:56
2025-03-20,,1.185,1.186,1.171,1.171,452704,53299101.1,1.27,-1.18,-0.014,12.32,2026-02-11 14:05:56
2025-03-21,,1.167,1.172,1.143,1.151,363946,42229828.876,2.48,-1.71,-0.02,9.91,2026-02-11 14:05:56
2025-03-24,,1.151,1.156,1.143,1.152,124878,14357284.8,1.13,0.09,0.001,3.4,2026-02-11 14:05:56
2025-03-25,,1.151,1.158,1.145,1.15,267348,30811255.7,1.13,-0.17,-0.002,7.28,2026-02-11 14:05:56
2025-03-26,,1.148,1.153,1.139,1.141,157333,18020197.7,1.22,-0.78,-0.009,4.28,2026-02-11 14:05:56
2025-03-27,,1.142,1.153,1.139,1.152,190788,21920416.742,1.23,0.96,0.011,5.19,2026-02-11 14:05:56
2025-03-28,,1.153,1.156,1.135,1.141,125691,14373881.3,1.82,-0.95,-0.011,3.42,2026-02-11 14:05:56
2025-03-31,,1.137,1.141,1.125,1.128,118714,13443096.8,1.4,-1.14,-0.013,3.23,2026-02-11 14:05:56
2025-04-01,,1.13,1.14,1.13,1.14,305234,34629473.4,0.89,1.06,0.012,8.31,2026-02-11 14:05:56
2025-04-02,,1.142,1.145,1.133,1.145,357485,40801036.3,1.05,0.44,0.005,9.73,2026-02-11 14:05:56
2025-04-03,,1.141,1.144,1.126,1.139,712667,81121536.3,1.57,-0.52,-0.006,19.4,2026-02-11 14:05:56
2025-04-07,,1.084,1.084,1.025,1.035,626085,65448507.57,5.18,-9.13,-0.104,17.04,2026-02-11 14:05:56
2025-04-08,,1.034,1.052,1.034,1.044,620419,64705532.4,1.74,0.87,0.009,16.89,2026-02-11 14:05:56
2025-04-09,,1.038,1.06,1.011,1.057,579293,60355541.1,4.69,1.25,0.013,15.77,2026-02-11 14:05:56
2025-04-10,,1.085,1.097,1.074,1.075,771578,83765268.6,2.18,1.7,0.018,21.0,2026-02-11 14:05:56
2025-04-11,,1.073,1.084,1.065,1.075,578735,62281435.5,1.77,0.0,0.0,15.75,2026-02-11 14:05:56
2025-04-14,,1.085,1.106,1.085,1.104,339545,37206647.7,1.95,2.7,0.029,9.24,2026-02-11 14:05:56
2025-04-15,,1.106,1.11,1.1,1.105,242097,26727874.7,0.91,0.09,0.001,6.59,2026-02-11 14:05:56
2025-04-16,,1.103,1.107,1.089,1.095,218288,23888069.4,1.63,-0.9,-0.01,5.94,2026-02-11 14:05:56
2025-04-17,,1.093,1.104,1.092,1.099,253224,27872361.5,1.1,0.37,0.004,6.89,2026-02-11 14:05:56
2025-04-18,,1.099,1.101,1.092,1.094,89138,9760187.2,0.82,-0.45,-0.005,2.43,2026-02-11 14:05:56
2025-04-21,,1.094,1.101,1.094,1.098,157888,17317358.7,0.64,0.37,0.004,4.3,2026-02-11 14:05:56
2025-04-22,,1.098,1.113,1.098,1.111,255107,28235576.8,1.37,1.18,0.013,6.94,2026-02-11 14:05:56
2025-04-23,,1.122,1.124,1.114,1.118,188312,21042377.5,0.9,0.63,0.007,5.13,2026-02-11 14:05:56
2025-04-24,,1.117,1.119,1.106,1.112,117851,13127478.6,1.16,-0.54,-0.006,3.21,2026-02-11 14:05:56
2025-04-25,,1.113,1.126,1.113,1.119,196434,22033843.0,1.17,0.63,0.007,5.35,2026-02-11 14:05:56
2025-04-28,,1.118,1.123,1.107,1.122,112619,12584399.5,1.43,0.27,0.003,3.07,2026-02-11 14:05:56
2025-04-29,,1.127,1.127,1.114,1.117,88755,9938999.9,1.16,-0.45,-0.005,2.42,2026-02-11 14:05:56
2025-04-30,,1.116,1.119,1.109,1.11,88222,9814498.8,0.9,-0.63,-0.007,2.4,2026-02-11 14:05:56
2025-05-06,,1.124,1.124,1.113,1.121,100612,11260242.6,0.99,0.99,0.011,2.74,2026-02-11 14:05:56
2025-05-07,,1.127,1.14,1.124,1.127,216024,24443225.075,1.43,0.54,0.006,5.88,2026-02-11 14:05:56
2025-05-08,,1.123,1.129,1.123,1.124,64144,7225884.8,0.53,-0.27,-0.003,1.75,2026-02-11 14:05:56
2025-05-09,,1.122,1.131,1.122,1.127,45311,5107132.2,0.8,0.27,0.003,1.23,2026-02-11 14:05:56
2025-05-12,,1.131,1.135,1.126,1.134,87572,9914541.9,0.8,0.62,0.007,2.38,2026-02-11 14:05:56
2025-05-13,,1.135,1.141,1.133,1.141,100234,11394686.5,0.71,0.62,0.007,2.73,2026-02-11 14:05:56
2025-05-14,,1.14,1.16,1.138,1.16,82038,9445173.5,1.93,1.67,0.019,2.23,2026-02-11 14:05:56
2025-05-15,,1.159,1.175,1.153,1.154,206729,23978996.7,1.9,-0.52,-0.006,5.63,2026-02-11 14:05:56
2025-05-16,,1.151,1.152,1.142,1.15,66437,7620172.5,0.87,-0.35,-0.004,1.81,2026-02-11 14:05:56
2025-05-19,,1.147,1.155,1.147,1.155,52096,5998911.1,0.7,0.43,0.005,1.42,2026-02-11 14:05:56
2025-05-20,,1.154,1.169,1.154,1.167,88260,10275744.926,1.3,1.04,0.012,2.4,2026-02-11 14:05:56
2025-05-21,,1.165,1.176,1.165,1.174,94360,11061193.6,0.94,0.6,0.007,2.57,2026-02-11 14:05:56
2025-05-22,,1.173,1.178,1.17,1.172,92082,10816350.4,0.68,-0.17,-0.002,2.51,2026-02-11 14:05:56
2025-05-23,,1.172,1.176,1.164,1.165,87253,10209018.4,1.02,-0.6,-0.007,2.37,2026-02-11 14:05:56
2025-05-26,,1.162,1.175,1.162,1.165,70525,8241321.4,1.12,0.0,0.0,1.92,2026-02-11 14:05:56
2025-05-27,,1.164,1.174,1.164,1.17,60411,7066293.5,0.86,0.43,0.005,1.64,2026-02-11 14:05:56
2025-05-28,,1.17,1.18,1.17,1.177,91970,10822589.6,0.85,0.6,0.007,2.5,2026-02-11 14:05:56
2025-05-29,,1.185,1.188,1.177,1.185,74746,8842711.3,0.93,0.68,0.008,2.03,2026-02-11 14:05:56
2025-05-30,,1.183,1.185,1.177,1.181,42309,4995707.9,0.68,-0.34,-0.004,1.15,2026-02-11 14:05:56
2025-06-03,,1.179,1.183,1.175,1.182,82853,9773654.5,0.68,0.08,0.001,2.26,2026-02-11 14:05:56
2025-06-04,,1.182,1.188,1.18,1.188,91081,10786172.9,0.68,0.51,0.006,2.48,2026-02-11 14:05:56
2025-06-05,,1.19,1.193,1.184,1.188,73881,8783406.3,0.76,0.0,0.0,2.01,2026-02-11 14:05:56
2025-06-06,,1.187,1.194,1.187,1.194,58094,6915905.3,0.59,0.51,0.006,1.58,2026-02-11 14:05:56
2025-06-09,,1.195,1.201,1.188,1.193,202235,24137042.0,1.09,-0.08,-0.001,5.5,2026-02-11 14:05:56
2025-06-10,,1.19,1.215,1.19,1.212,164476,19840447.569,2.1,1.59,0.019,4.48,2026-02-11 14:05:56
2025-06-11,,1.216,1.226,1.212,1.226,129947,15850617.198,1.16,1.16,0.014,3.54,2026-02-11 14:05:56
2025-06-12,,1.226,1.229,1.218,1.222,249826,30578891.0,0.9,-0.33,-0.004,6.8,2026-02-11 14:05:56
2025-06-13,,1.227,1.23,1.217,1.226,289225,35459940.3,1.06,0.33,0.004,7.87,2026-02-11 14:05:56
2025-06-16,,1.22,1.233,1.22,1.232,99014,12170676.8,1.06,0.49,0.006,2.69,2026-02-11 14:05:56
2025-06-17,,1.229,1.233,1.224,1.227,126008,15482350.2,0.73,-0.41,-0.005,3.43,2026-02-11 14:05:56
2025-06-18,,1.225,1.229,1.214,1.219,116212,14168536.3,1.22,-0.65,-0.008,3.16,2026-02-11 14:05:56
2025-06-19,,1.218,1.219,1.189,1.191,125995,15115237.653,2.46,-2.3,-0.028,3.43,2026-02-11 14:05:56
2025-06-20,,1.19,1.209,1.19,1.2,120510,14491936.3,1.6,0.76,0.009,3.28,2026-02-11 14:05:56
2025-06-23,,1.196,1.21,1.196,1.21,75485,9085292.5,1.17,0.83,0.01,2.05,2026-02-11 14:05:56
2025-06-24,,1.207,1.226,1.207,1.226,106113,12955753.3,1.57,1.32,0.016,2.89,2026-02-11 14:05:56
2025-06-25,,1.227,1.229,1.221,1.228,83045,10174197.2,0.65,0.16,0.002,2.26,2026-02-11 14:05:56
2025-06-26,,1.225,1.229,1.222,1.224,93218,11416538.7,0.57,-0.33,-0.004,2.54,2026-02-11 14:05:56
2025-06-27,,1.223,1.23,1.211,1.217,236176,28856836.7,1.55,-0.57,-0.007,6.43,2026-02-11 14:05:56
2025-06-30,,1.214,1.217,1.205,1.212,67603,8183341.5,0.99,-0.41,-0.005,1.84,2026-02-11 14:05:56
2025-07-01,,1.212,1.22,1.212,1.218,46245,5626239.8,0.66,0.5,0.006,1.26,2026-02-11 14:05:56
2025-07-02,,1.22,1.229,1.22,1.229,169465,20757062.9,0.74,0.9,0.011,4.61,2026-02-11 14:05:56
2025-07-03,,1.229,1.234,1.22,1.23,212341,26063831.0,1.14,0.08,0.001,5.78,2026-02-11 14:05:56
2025-07-04,,1.23,1.234,1.223,1.228,155483,19093213.3,0.89,-0.16,-0.002,4.23,2026-02-11 14:05:56
2025-07-07,,1.234,1.234,1.22,1.224,225826,27611649.0,1.14,-0.33,-0.004,6.15,2026-02-11 14:05:56
2025-07-08,,1.226,1.232,1.225,1.23,106890,13142116.9,0.57,0.49,0.006,2.91,2026-02-11 14:05:56
2025-07-09,,1.232,1.232,1.222,1.223,82025,10051263.3,0.81,-0.57,-0.007,2.23,2026-02-11 14:05:56
2025-07-10,,1.221,1.242,1.221,1.242,295141,36426730.2,1.72,1.55,0.019,8.03,2026-02-11 14:05:56
2025-07-11,,1.243,1.254,1.242,1.244,225447,28133477.4,0.97,0.16,0.002,6.14,2026-02-11 14:05:56
2025-07-14,,1.242,1.251,1.242,1.247,125209,15624744.0,0.72,0.24,0.003,3.41,2026-02-11 14:05:56
2025-07-15,,1.248,1.254,1.235,1.241,146240,18198702.1,1.52,-0.48,-0.006,3.98,2026-02-11 14:05:56
2025-07-16,,1.248,1.252,1.239,1.246,243123,30275732.1,1.05,0.4,0.005,6.62,2026-02-11 14:05:56
2025-07-17,,1.249,1.249,1.234,1.237,260971,32376135.8,1.2,-0.72,-0.009,7.1,2026-02-11 14:05:56
2025-07-18,,1.244,1.255,1.244,1.255,242957,30382051.1,0.89,1.46,0.018,6.61,2026-02-11 14:05:56
2025-07-21,,1.264,1.27,1.257,1.27,196631,24825245.5,1.04,1.2,0.015,5.35,2026-02-11 14:05:56
2025-07-22,,1.269,1.287,1.261,1.283,792924,100933824.4,2.05,1.02,0.013,21.58,2026-02-11 14:05:56
2025-07-23,,1.293,1.298,1.279,1.284,643512,82915094.8,1.48,0.08,0.001,17.51,2026-02-11 14:05:56
2025-07-24,,1.284,1.299,1.281,1.299,709890,91369273.6,1.4,1.17,0.015,19.32,2026-02-11 14:05:56
2025-07-25,,1.3,1.308,1.294,1.294,305135,39617853.7,1.08,-0.38,-0.005,8.3,2026-02-11 14:05:56
2025-07-28,,1.296,1.302,1.286,1.289,563169,72756605.7,1.24,-0.39,-0.005,15.33,2026-02-11 14:05:56
2025-07-29,,1.287,1.294,1.281,1.289,308315,39695868.586,1.01,0.0,0.0,8.39,2026-02-11 14:05:56
2025-07-30,,1.292,1.317,1.29,1.302,673756,88031983.609,2.09,1.01,0.013,18.34,2026-02-11 14:05:56
2025-07-31,,1.302,1.303,1.27,1.27,642807,82231242.7,2.53,-2.46,-0.032,17.5,2026-02-11 14:05:56
2025-08-01,,1.269,1.279,1.262,1.268,258496,32874321.7,1.34,-0.16,-0.002,7.04,2026-02-11 14:05:56
2025-08-04,,1.269,1.269,1.25,1.266,246029,31027030.183,1.5,-0.16,-0.002,6.7,2026-02-11 14:05:56
2025-08-05,,1.27,1.28,1.267,1.279,152643,19422017.8,1.03,1.03,0.013,4.15,2026-02-11 14:05:56
2025-08-06,,1.275,1.291,1.275,1.284,114882,14761874.0,1.25,0.39,0.005,3.13,2026-02-11 14:05:56
2025-08-07,,1.285,1.298,1.276,1.298,153129,19741211.8,1.71,1.09,0.014,4.17,2026-02-11 14:05:56
2025-08-08,,1.298,1.307,1.291,1.307,353894,46066869.185,1.23,0.69,0.009,9.63,2026-02-11 14:05:56
2025-08-11,,1.313,1.313,1.295,1.3,150730,19605752.2,1.38,-0.54,-0.007,4.1,2026-02-11 14:05:56
2025-08-12,,1.298,1.314,1.298,1.314,120106,15723459.3,1.23,1.08,0.014,3.27,2026-02-11 14:05:56
2025-08-13,,1.323,1.325,1.315,1.323,115818,15280967.7,0.76,0.68,0.009,3.15,2026-02-11 14:05:56
2025-08-14,,1.326,1.333,1.316,1.318,119738,15868470.1,1.28,-0.38,-0.005,3.26,2026-02-11 14:05:56
2025-08-15,,1.32,1.323,1.312,1.322,132159,17422856.0,0.83,0.3,0.004,3.6,2026-02-11 14:05:56
2025-08-18,,1.325,1.327,1.318,1.323,151687,20047007.5,0.68,0.08,0.001,4.13,2026-02-11 14:05:56
2025-08-19,,1.322,1.325,1.308,1.308,172437,22653455.2,1.28,-1.13,-0.015,4.69,2026-02-11 14:05:56
2025-08-20,,1.305,1.311,1.298,1.309,96749,12625342.6,0.99,0.08,0.001,2.63,2026-02-11 14:05:56
2025-08-21,,1.306,1.317,1.306,1.31,122841,16119065.4,0.84,0.08,0.001,3.34,2026-02-11 14:05:56
2025-08-22,,1.313,1.317,1.301,1.307,136673,17838219.9,1.22,-0.23,-0.003,3.72,2026-02-11 14:05:56
2025-08-25,,1.306,1.324,1.306,1.319,211601,27895752.1,1.38,0.92,0.012,5.76,2026-02-11 14:05:56
2025-08-26,,1.319,1.32,1.308,1.309,82086,10776804.8,0.91,-0.76,-0.01,2.23,2026-02-11 14:05:56
2025-08-27,,1.309,1.309,1.28,1.281,226759,29372294.8,2.22,-2.14,-0.028,6.17,2026-02-11 14:05:56
2025-08-28,,1.277,1.285,1.271,1.278,260916,33350009.04,1.09,-0.23,-0.003,7.1,2026-02-11 14:05:56
2025-08-29,,1.278,1.296,1.278,1.284,230818,29773060.8,1.41,0.47,0.006,6.28,2026-02-11 14:05:56
2025-09-01,,1.283,1.29,1.277,1.285,149673,19228901.7,1.01,0.08,0.001,4.07,2026-02-11 14:05:56
2025-09-02,,1.287,1.294,1.28,1.283,201795,25984613.183,1.09,-0.16,-0.002,5.49,2026-02-11 14:05:56
2025-09-03,,1.284,1.293,1.282,1.284,163090,20984616.0,0.86,0.08,0.001,4.44,2026-02-11 14:05:56
2025-09-04,,1.288,1.292,1.272,1.278,132068,16886120.3,1.56,-0.47,-0.006,3.59,2026-02-11 14:05:56
2025-09-05,,1.278,1.299,1.278,1.298,180859,23318816.3,1.64,1.56,0.02,4.92,2026-02-11 14:05:56
2025-09-08,,1.295,1.307,1.292,1.304,139168,18106900.7,1.16,0.46,0.006,3.79,2026-02-11 14:05:56
2025-09-09,,1.303,1.317,1.303,1.307,169348,22180338.3,1.07,0.23,0.003,4.61,2026-02-11 14:05:56
2025-09-10,,1.308,1.327,1.308,1.323,253147,33430196.9,1.45,1.22,0.016,6.89,2026-02-11 14:05:56
2025-09-11,,1.323,1.328,1.313,1.325,107850,14242785.4,1.13,0.15,0.002,2.94,2026-02-11 14:05:56
2025-09-12,,1.329,1.332,1.317,1.319,110831,14660138.3,1.13,-0.45,-0.006,3.02,2026-02-11 14:05:56
2025-09-15,,1.32,1.324,1.312,1.314,224451,29533195.8,0.91,-0.38,-0.005,6.11,2026-02-11 14:05:56
2025-09-16,,1.316,1.327,1.309,1.311,137062,18035413.2,1.37,-0.23,-0.003,3.73,2026-02-11 14:05:56
2025-09-17,,1.312,1.319,1.312,1.319,99121,13045554.0,0.53,0.61,0.008,2.7,2026-02-11 14:05:56
2025-09-18,,1.323,1.323,1.293,1.297,105470,13778583.58,2.27,-1.67,-0.022,2.87,2026-02-11 14:05:56
2025-09-19,,1.298,1.305,1.297,1.301,137347,17880535.9,0.62,0.31,0.004,3.74,2026-02-11 14:05:56
2025-09-22,,1.303,1.303,1.283,1.286,67250,8670107.8,1.54,-1.15,-0.015,1.83,2026-02-11 14:05:56
2025-09-23,,1.286,1.289,1.274,1.276,81223,10381802.3,1.17,-0.78,-0.01,2.21,2026-02-11 14:05:56
2025-09-24,,1.274,1.282,1.273,1.281,79091,10114047.7,0.71,0.39,0.005,2.15,2026-02-11 14:05:56
2025-09-25,,1.281,1.281,1.263,1.263,96688,12262416.356,1.41,-1.41,-0.018,2.63,2026-02-11 14:05:56
2025-09-26,,1.261,1.276,1.259,1.275,122116,15499377.2,1.35,0.95,0.012,3.32,2026-02-11 14:05:56
2025-09-29,,1.275,1.28,1.267,1.278,93454,11897838.7,1.02,0.24,0.003,2.54,2026-02-11 14:05:56
2025-09-30,,1.278,1.28,1.269,1.274,91339,11624350.3,0.86,-0.31,-0.004,2.49,2026-02-11 14:05:56
2025-10-09,,1.27,1.285,1.269,1.285,128567,16433648.7,1.26,0.86,0.011,3.5,2026-02-11 14:05:56
2025-10-10,,1.283,1.294,1.276,1.289,152290,19621021.0,1.4,0.31,0.004,4.14,2026-02-11 14:05:56
2025-10-13,,1.269,1.281,1.261,1.278,82531,10496991.4,1.55,-0.85,-0.011,2.25,2026-02-11 14:05:56
2025-10-14,,1.285,1.3,1.277,1.281,248863,32095219.936,1.8,0.23,0.003,6.77,2026-02-11 14:05:56
2025-10-15,,1.29,1.305,1.288,1.304,167055,21624690.3,1.33,1.8,0.023,4.55,2026-02-11 14:05:56
2025-10-16,,1.304,1.32,1.3,1.316,144071,18927726.6,1.53,0.92,0.012,3.92,2026-02-11 14:05:56
2025-10-17,,1.326,1.329,1.303,1.304,193812,25548590.225,1.98,-0.91,-0.012,5.28,2026-02-11 14:05:56
2025-10-20,,1.317,1.324,1.312,1.323,100449,13252947.3,0.92,1.46,0.019,2.73,2026-02-11 14:05:56
2025-10-21,,1.327,1.335,1.324,1.333,91657,12202746.2,0.83,0.76,0.01,2.49,2026-02-11 14:05:56
2025-10-22,,1.332,1.332,1.316,1.322,58726,7754015.3,1.2,-0.83,-0.011,1.6,2026-02-11 14:05:56
2025-10-23,,1.322,1.341,1.322,1.338,124689,16604190.1,1.44,1.21,0.016,3.39,2026-02-11 14:05:56
2025-10-24,,1.338,1.343,1.336,1.34,84824,11356550.2,0.52,0.15,0.002,2.31,2026-02-11 14:05:56
2025-10-27,,1.344,1.349,1.334,1.344,98805,13271444.2,1.12,0.3,0.004,2.69,2026-02-11 14:05:56
2025-10-28,,1.345,1.347,1.332,1.334,59615,7973236.6,1.12,-0.74,-0.01,1.62,2026-02-11 14:05:56
2025-10-29,,1.334,1.342,1.333,1.337,73764,9858392.7,0.67,0.22,0.003,2.01,2026-02-11 14:05:56
2025-10-30,,1.337,1.343,1.327,1.331,85048,11377527.0,1.2,-0.45,-0.006,2.31,2026-02-11 14:05:56
2025-10-31,,1.335,1.339,1.327,1.328,40525,5400057.9,0.9,-0.23,-0.003,1.1,2026-02-11 14:05:56
2025-11-03,,1.329,1.349,1.329,1.349,97712,13088572.6,1.51,1.58,0.021,2.66,2026-02-11 14:05:56
2025-11-04,,1.349,1.362,1.346,1.351,148670,20125137.2,1.19,0.15,0.002,4.05,2026-02-11 14:05:56
2025-11-05,,1.351,1.358,1.339,1.355,104866,14113027.8,1.41,0.3,0.004,2.85,2026-02-11 14:05:56
2025-11-06,,1.355,1.379,1.355,1.376,59723,8199652.5,1.77,1.55,0.021,1.63,2026-02-11 14:05:56
2025-11-07,,1.38,1.385,1.376,1.382,91954,12704202.6,0.65,0.44,0.006,2.5,2026-02-11 14:05:56
2025-11-10,,1.382,1.405,1.382,1.404,195861,27281582.3,1.66,1.59,0.022,5.33,2026-02-11 14:05:56
2025-11-11,,1.406,1.416,1.394,1.398,118959,16671596.2,1.57,-0.43,-0.006,3.24,2026-02-11 14:05:56
2025-11-12,,1.403,1.429,1.403,1.429,186078,26424421.5,1.86,2.22,0.031,5.06,2026-02-11 14:05:56
2025-11-13,,1.429,1.434,1.411,1.422,268481,38149545.5,1.61,-0.49,-0.007,7.31,2026-02-11 14:05:56
2025-11-14,,1.418,1.42,1.406,1.406,109393,15483926.2,0.98,-1.13,-0.016,2.98,2026-02-11 14:05:56
2025-11-17,,1.406,1.412,1.393,1.4,80075,11195655.6,1.35,-0.43,-0.006,2.18,2026-02-11 14:05:56
2025-11-18,,1.394,1.394,1.366,1.369,120090,16525468.2,2.0,-2.21,-0.031,3.27,2026-02-11 14:05:56
2025-11-19,,1.371,1.385,1.37,1.382,138787,19125642.5,1.1,0.95,0.013,3.78,2026-02-11 14:05:56
2025-11-20,,1.385,1.387,1.373,1.375,127710,17655650.872,1.01,-0.51,-0.007,3.48,2026-02-11 14:05:56
2025-11-21,,1.363,1.369,1.353,1.355,122773,16705317.9,1.16,-1.45,-0.02,3.34,2026-02-11 14:05:56
2025-11-24,,1.359,1.362,1.352,1.358,67536,9164005.9,0.74,0.22,0.003,1.84,2026-02-11 14:05:56
2025-11-25,,1.362,1.379,1.362,1.375,172825,23719493.7,1.25,1.25,0.017,4.7,2026-02-11 14:05:56
2025-11-26,,1.376,1.384,1.366,1.371,221245,30318333.0,1.31,-0.29,-0.004,6.02,2026-02-11 14:05:56
2025-11-27,,1.367,1.376,1.361,1.367,120010,16406052.2,1.09,-0.29,-0.004,3.27,2026-02-11 14:05:56
2025-11-28,,1.369,1.37,1.355,1.357,88619,12054174.2,1.1,-0.73,-0.01,2.41,2026-02-11 14:05:56
2025-12-01,,1.357,1.375,1.357,1.37,359118,49098951.8,1.33,0.96,0.013,9.77,2026-02-11 14:05:56
2025-12-02,,1.373,1.386,1.372,1.38,340878,47057505.3,1.02,0.73,0.01,9.28,2026-02-11 14:05:56
2025-12-03,,1.38,1.383,1.37,1.377,149620,20587377.3,0.94,-0.22,-0.003,4.07,2026-02-11 14:05:56
2025-12-04,,1.375,1.381,1.37,1.376,95412,13131223.2,0.8,-0.07,-0.001,2.6,2026-02-11 14:05:56
2025-12-05,,1.374,1.377,1.366,1.374,104879,14389917.9,0.8,-0.15,-0.002,2.85,2026-02-11 14:05:56
2025-12-08,,1.374,1.381,1.353,1.355,423035,57421912.8,2.04,-1.38,-0.019,11.51,2026-02-11 14:05:56
2025-12-09,,1.356,1.357,1.334,1.335,134727,18079194.0,1.7,-1.48,-0.02,3.67,2026-02-11 14:05:56
2025-12-10,,1.335,1.338,1.322,1.33,84969,11275368.7,1.2,-0.37,-0.005,2.31,2026-02-11 14:05:56
2025-12-11,,1.335,1.343,1.326,1.328,132599,17727330.4,1.28,-0.15,-0.002,3.61,2026-02-11 14:05:56
2025-12-12,,1.327,1.34,1.327,1.338,57523,7690667.8,0.98,0.75,0.01,1.57,2026-02-11 14:05:56
2025-12-15,,1.336,1.344,1.332,1.336,49530,6630004.0,0.9,-0.15,-0.002,1.35,2026-02-11 14:05:56
2025-12-16,,1.336,1.341,1.313,1.316,158701,20916605.0,2.1,-1.5,-0.02,4.32,2026-02-11 14:05:56
2025-12-17,,1.314,1.322,1.309,1.32,74600,9817719.3,0.99,0.3,0.004,2.03,2026-02-11 14:05:56
2025-12-18,,1.32,1.324,1.314,1.324,75691,9995824.3,0.76,0.3,0.004,2.06,2026-02-11 14:05:56
2025-12-19,,1.333,1.333,1.319,1.325,92367,12223312.1,1.06,0.08,0.001,2.51,2026-02-11 14:05:56
2025-12-22,,1.329,1.33,1.32,1.321,48120,6362814.1,0.75,-0.3,-0.004,1.31,2026-02-11 14:05:56
2025-12-23,,1.326,1.341,1.326,1.331,296876,39621960.9,1.14,0.76,0.01,8.08,2026-02-11 14:05:56
2025-12-24,,1.332,1.333,1.322,1.325,53101,7042608.5,0.83,-0.45,-0.006,1.45,2026-02-11 14:05:56
2025-12-25,,1.325,1.332,1.315,1.319,249736,32932702.8,1.28,-0.45,-0.006,6.8,2026-02-11 14:05:56
2025-12-26,,1.318,1.324,1.317,1.322,64606,8536374.4,0.53,0.23,0.003,1.76,2026-02-11 14:05:56
2025-12-29,,1.326,1.33,1.309,1.31,82497,10864166.0,1.59,-0.91,-0.012,2.25,2026-02-11 14:05:56
2025-12-30,,1.311,1.315,1.305,1.314,135960,17822300.0,0.76,0.31,0.004,3.7,2026-02-11 14:05:56
2025-12-31,,1.311,1.313,1.297,1.297,131491,17121046.597,1.22,-1.29,-0.017,3.58,2026-02-11 14:05:56
2026-01-05,,1.308,1.313,1.305,1.308,84296,11039857.1,0.62,0.85,0.011,2.29,2026-02-11 14:05:56
2026-01-06,,1.313,1.323,1.31,1.323,160458,21111884.0,0.99,1.15,0.015,4.37,2026-02-11 14:05:56
2026-01-07,,1.326,1.327,1.318,1.322,79237,10465822.6,0.68,-0.08,-0.001,2.16,2026-02-11 14:05:56
2026-01-08,,1.323,1.324,1.31,1.312,95338,12528368.5,1.06,-0.76,-0.01,2.59,2026-02-11 14:05:56
2026-01-09,,1.315,1.321,1.314,1.32,91792,12097294.2,0.53,0.61,0.008,2.5,2026-02-11 14:05:56
2026-01-12,,1.32,1.323,1.311,1.319,131813,17353600.5,0.91,-0.08,-0.001,3.59,2026-02-11 14:05:56
2026-01-13,,1.323,1.339,1.323,1.326,179147,23840458.28,1.21,0.53,0.007,4.88,2026-02-11 14:05:56
2026-01-14,,1.334,1.334,1.321,1.326,172035,22850359.0,0.98,0.0,0.0,4.68,2026-02-11 14:05:56
2026-01-15,,1.324,1.342,1.324,1.33,366988,49049224.9,1.36,0.3,0.004,9.99,2026-02-11 14:05:56
2026-01-16,,1.332,1.34,1.322,1.324,185893,24733469.5,1.35,-0.45,-0.006,5.06,2026-02-11 14:05:56
2026-01-19,,1.324,1.33,1.317,1.321,102086,13519521.4,0.98,-0.23,-0.003,2.78,2026-02-11 14:05:56
2026-01-20,,1.319,1.329,1.312,1.326,127612,16862641.3,1.29,0.38,0.005,3.47,2026-02-11 14:05:56
2026-01-21,,1.334,1.334,1.322,1.322,56659,7512066.4,0.9,-0.3,-0.004,1.54,2026-02-11 14:05:56
2026-01-22,,1.323,1.347,1.323,1.341,378675,50766073.0,1.82,1.44,0.019,10.31,2026-02-11 14:05:56
2026-01-23,,1.341,1.346,1.328,1.328,114908,15350432.0,1.34,-0.97,-0.013,3.13,2026-02-11 14:05:56
2026-01-26,,1.328,1.343,1.328,1.338,136852,18279631.4,1.13,0.75,0.01,3.72,2026-02-11 14:05:56
2026-01-27,,1.339,1.35,1.337,1.343,150515,20235071.7,0.97,0.37,0.005,4.1,2026-02-11 14:05:56
2026-01-28,,1.34,1.377,1.34,1.375,123457,16839163.6,2.76,2.38,0.032,3.36,2026-02-11 14:05:56
2026-01-29,,1.376,1.398,1.372,1.398,198214,27437401.3,1.89,1.67,0.023,5.39,2026-02-11 14:05:56
2026-01-30,,1.399,1.404,1.361,1.367,497033,68177335.9,3.08,-2.22,-0.031,13.53,2026-02-11 14:05:56
2026-02-02,,1.349,1.35,1.321,1.326,343933,45727089.7,2.12,-3.0,-0.041,9.36,2026-02-11 14:05:56
2026-02-03,,1.334,1.352,1.329,1.352,487359,65491691.4,1.73,1.96,0.026,13.26,2026-02-11 14:05:56
2026-02-04,,1.343,1.379,1.342,1.379,266290,36394094.1,2.74,2.0,0.027,7.25,2026-02-11 14:05:56
2026-02-05,,1.378,1.379,1.362,1.376,212412,29090189.1,1.23,-0.22,-0.003,5.78,2026-02-11 14:05:56
2026-02-06,,1.364,1.381,1.361,1.375,215353,29547185.1,1.45,-0.07,-0.001,5.86,2026-02-11 14:05:56
2026-02-09,,1.388,1.393,1.38,1.386,176665,24500362.2,0.95,0.8,0.011,4.81,2026-02-11 14:05:56
2026-02-10,,1.388,1.392,1.383,1.389,138791,19255701.8,0.65,0.22,0.003,3.78,2026-02-11 14:05:56
2026-02-11,,1.391,1.403,1.386,1.401,130575,18195434.6,1.22,0.86,0.012,3.55,2026-02-11 14:05:56
